user_age,user_gender,like_to_click_ratio,bookmark_to_click_ratio,watch_time_last_7d,series_content_type,series_rating,days_since_last_update,series_wt_7d,series_wt_24h,series_like_ratio,series_like_ratio_7d,series_book_ratio,series_book_ratio_7d,series_share_ratio,series_share_ratio_7d,series_comment_ratio,series_comment_ratio_7d,log_series_clicks,log_series_clicks_7d,match_genre_wt_score,match_tag_click_7d_score,is_language_match,is_age_appropriate,label
TEEN,UNKNOWN,0.0,0.0,0.0,VIDEO,0.0,-12,0.0,0.0,0.0,0.0,0.0,0.0,0.0,0.0,0.0,0.0,0.47712125471966244,0.0,0.0,0.0,0,1,0
TEEN,MALE,0.0,0.0,0.0,VIDEO,0.0,-12,0.0,0.0,0.0,0.0,0.0,0.0,0.0,0.0,0.0,0.0,0.47712125471966244,0.0,0.0,0.08,0,1,0
TEEN,MALE,0.0,0.0,0.0,VIDEO,0.0,-12,11.0,0.0,0.0,0.0,0.0,0.0,0.0,0.0,0.0,0.0,0.8450980400142568,0.3010299956639812,0.0,0.0,0,1,0
TEEN,MALE,0.0,0.0,0.0,VIDEO,0.0,-13,3.0,0.0,0.0,0.0,0.0,0.0,0.16666666666666666,0.5,-0.16666666666666666,0.5,0.8450980400142568,0.47712125471966244,0.0,0.2,0,1,0
TEEN,MALE,0.0,0.0,0.0,COMIC,0.0,-11,103676.0,0.0,0.004424778761061947,0.007352941176470588,0.0,0.0,0.0,0.0,0.0,0.0,2.3560258571931225,2.1367205671564067,0.5957446808510638,0.44,0,1,0
TEEN,UNKNOWN,0.0,0.0,168556.0,VIDEO,0.0,-13,3.0,0.0,0.0,0.0,0.0,0.0,0.16666666666666666,0.5,-0.16666666666666666,0.5,0.8450980400142568,0.47712125471966244,0.05056890012642225,0.07500000000000001,1,1,0
TEEN,UNKNOWN,0.0,0.0,168556.0,COMIC,0.0,-11,103676.0,0.0,0.004424778761061947,0.007352941176470588,0.0,0.0,0.0,0.0,0.0,0.0,2.3560258571931225,2.1367205671564067,0.5554150863885378,0.425,1,1,0
TEEN,UNKNOWN,0.0,0.0,168556.0,VIDEO,0.0,-13,1.0,0.0,0.0,0.0,0.0,0.0,0.1111111111111111,0.0,0.0,0.0,1.2787536009528289,0.47712125471966244,0.1099873577749684,0.025,1,1,0
TEEN,UNKNOWN,0.0,0.0,168556.0,VIDEO,0.0,-12,0.0,0.0,0.0,0.0,0.0,0.0,0.0,0.0,0.0,0.0,0.47712125471966244,0.0,0.05773282764433207,0.2,1,1,0
TEEN,UNKNOWN,0.0,0.0,168556.0,VIDEO,0.0,-12,11.0,0.0,0.0,0.0,0.0,0.0,0.0,0.0,0.0,0.0,0.8450980400142568,0.3010299956639812,0.0,0.0,1,1,0
TEEN,UNKNOWN,0.0,0.0,168556.0,COMIC,0.0,-11,0.0,0.0,0.0,0.0,0.0,0.0,0.0,0.0,0.0,0.0,1.2304489213782739,0.0,0.0,0.0,1,1,0
TEEN,UNKNOWN,0.0,0.0,168556.0,VIDEO,0.0,-17,0.0,0.0,0.0,0.0,0.0,0.0,0.0,0.0,0.0,0.0,0.6020599913279624,0.0,0.28487147071217866,0.05,1,1,0
TEEN,MALE,0.0,0.0,34.0,VIDEO,0.0,-13,3.0,0.0,0.0,0.0,0.0,0.0,0.16666666666666666,0.5,-0.16666666666666666,0.5,0.8450980400142568,0.47712125471966244,0.11764705882352941,0.2408026755852843,0,1,0
TEEN,MALE,0.0,0.0,34.0,COMIC,0.0,-11,103676.0,0.0,0.004424778761061947,0.007352941176470588,0.0,0.0,0.0,0.0,0.0,0.0,2.3560258571931225,2.1367205671564067,0.1568627450980392,0.8394648829431438,0,1,0
TEEN,MALE,0.0,0.0,34.0,VIDEO,0.0,-13,1.0,0.0,0.0,0.0,0.0,0.0,0.1111111111111111,0.0,0.0,0.0,1.2787536009528289,0.47712125471966244,0.0,0.21739130434782608,0,1,0
TEEN,MALE,0.0,0.0,34.0,VIDEO,0.0,-12,0.0,0.0,0.0,0.0,0.0,0.0,0.0,0.0,0.0,0.0,0.47712125471966244,0.0,0.0,0.20735785953177258,0,1,0
TEEN,MALE,0.0,0.0,34.0,VIDEO,0.0,-12,11.0,0.0,0.0,0.0,0.0,0.0,0.0,0.0,0.0,0.0,0.8450980400142568,0.3010299956639812,0.0,0.0,0,1,0
TEEN,MALE,0.0,0.0,34.0,COMIC,0.0,-11,0.0,0.0,0.0,0.0,0.0,0.0,0.0,0.0,0.0,0.0,1.2304489213782739,0.0,0.0,0.0,0,1,0
TEEN,MALE,0.0,0.0,34.0,VIDEO,0.0,-17,0.0,0.0,0.0,0.0,0.0,0.0,0.0,0.0,0.0,0.0,0.6020599913279624,0.0,0.13725490196078433,0.010033444816053512,0,1,0
TEEN,UNKNOWN,0.0,0.0,168556.0,VIDEO,0.0,-13,50.0,0.0,0.0,0.0,0.0,0.0,0.0,0.0,0.0,0.0,0.6989700043360189,0.47712125471966244,0.17656974294142436,0.25,1,1,0
TEEN,UNKNOWN,0.0,0.0,168556.0,VIDEO,0.0,-13,0.0,0.0,0.0,0.0,0.0,0.0,0.0,0.0,0.0,0.0,0.8450980400142568,0.0,0.337126000842815,0.55,1,1,0
TEEN,UNKNOWN,0.0,0.0,168556.0,VIDEO,0.0,-13,0.0,0.0,0.0,0.0,0.0,0.0,0.0,0.0,0.0,0.0,0.6020599913279624,0.3010299956639812,0.2524230931310577,0.525,1,1,0
TEEN,MALE,0.0,0.0,0.0,VIDEO,0.0,-13,3.0,0.0,0.0,0.0,0.0,0.0,0.16666666666666666,0.5,-0.16666666666666666,0.5,0.8450980400142568,0.47712125471966244,0.0,0.25,0,1,0
TEEN,MALE,0.0,0.0,0.0,COMIC,0.0,-11,103676.0,0.0,0.004424778761061947,0.007352941176470588,0.0,0.0,0.0,0.0,0.0,0.0,2.3560258571931225,2.1367205671564067,0.0,1.0,0,1,0
TEEN,MALE,0.0,0.0,0.0,VIDEO,0.0,-13,1.0,0.0,0.0,0.0,0.0,0.0,0.1111111111111111,0.0,0.0,0.0,1.2787536009528289,0.47712125471966244,0.0,0.25,0,1,0
TEEN,MALE,0.0,0.0,0.0,VIDEO,0.0,-12,0.0,0.0,0.0,0.0,0.0,0.0,0.0,0.0,0.0,0.0,0.47712125471966244,0.0,0.0,0.25,0,1,0
TEEN,MALE,0.0,0.0,0.0,VIDEO,0.0,-12,11.0,0.0,0.0,0.0,0.0,0.0,0.0,0.0,0.0,0.0,0.8450980400142568,0.3010299956639812,0.0,0.0,0,1,0
TEEN,MALE,0.0,0.0,0.0,COMIC,0.0,-11,0.0,0.0,0.0,0.0,0.0,0.0,0.0,0.0,0.0,0.0,1.2304489213782739,0.0,0.0,0.0,0,1,0
TEEN,MALE,0.0,0.0,0.0,VIDEO,0.0,-17,0.0,0.0,0.0,0.0,0.0,0.0,0.0,0.0,0.0,0.0,0.6020599913279624,0.0,0.0,0.0,0,1,0
TEEN,MALE,0.0,0.0,0.0,VIDEO,0.0,-13,50.0,0.0,0.0,0.0,0.0,0.0,0.0,0.0,0.0,0.0,0.6989700043360189,0.47712125471966244,0.0,0.5,0,1,0
TEEN,MALE,0.0,0.0,0.0,VIDEO,0.0,-13,0.0,0.0,0.0,0.0,0.0,0.0,0.0,0.0,0.0,0.0,0.8450980400142568,0.0,0.0,0.5,0,1,0
TEEN,MALE,0.0,0.0,0.0,VIDEO,0.0,-13,0.0,0.0,0.0,0.0,0.0,0.0,0.0,0.0,0.0,0.0,0.6020599913279624,0.3010299956639812,0.0,0.25,0,1,0
TEEN,MALE,0.0,0.0,0.0,VIDEO,0.0,-13,50.0,0.0,0.0,0.0,0.0,0.0,0.0,0.0,0.0,0.0,0.6989700043360189,0.47712125471966244,0.425531914893617,0.36,0,1,0
TEEN,MALE,0.0,0.0,0.0,VIDEO,0.0,-13,0.0,0.0,0.0,0.0,0.0,0.0,0.0,0.0,0.0,0.0,0.8450980400142568,0.0,0.425531914893617,0.44,0,1,0
TEEN,MALE,0.0,0.0,0.0,COMIC,0.0,-11,0.0,0.0,0.0,0.0,0.0,0.0,0.0,0.0,0.0,0.0,1.2304489213782739,0.0,0.0,0.0,0,1,0
TEEN,MALE,0.0,0.0,0.0,VIDEO,0.0,-17,0.0,0.0,0.0,0.0,0.0,0.0,0.0,0.0,0.0,0.0,0.6020599913279624,0.0,0.425531914893617,0.16,0,1,0
TEEN,MALE,0.0,0.0,0.0,VIDEO,0.0,-13,0.0,0.0,0.0,0.0,0.0,0.0,0.0,0.0,0.0,0.0,0.6020599913279624,0.3010299956639812,0.4042553191489362,0.32,0,1,0
TEEN,UNKNOWN,0.0,0.0,12.0,COMIC,0.0,-11,0.0,0.0,0.0,0.0,0.0,0.0,0.0,0.0,0.0,0.0,1.2304489213782739,0.0,0.0,0.0,1,1,0
TEEN,UNKNOWN,0.0,0.0,12.0,VIDEO,0.0,-17,0.0,0.0,0.0,0.0,0.0,0.0,0.0,0.0,0.0,0.0,0.6020599913279624,0.0,0.0,0.0,1,1,0
TEEN,UNKNOWN,0.0,0.0,12.0,VIDEO,0.0,-13,3.0,0.0,0.0,0.0,0.0,0.0,0.16666666666666666,0.5,-0.16666666666666666,0.5,0.8450980400142568,0.47712125471966244,0.0,0.0,1,1,0
TEEN,UNKNOWN,0.0,0.0,12.0,COMIC,0.0,-11,103676.0,0.0,0.004424778761061947,0.007352941176470588,0.0,0.0,0.0,0.0,0.0,0.0,2.3560258571931225,2.1367205671564067,0.0,0.0,1,1,0
TEEN,UNKNOWN,0.0,0.0,12.0,VIDEO,0.0,-13,1.0,0.0,0.0,0.0,0.0,0.0,0.1111111111111111,0.0,0.0,0.0,1.2787536009528289,0.47712125471966244,0.0,0.0,1,1,0
TEEN,UNKNOWN,0.0,0.0,12.0,VIDEO,0.0,-12,0.0,0.0,0.0,0.0,0.0,0.0,0.0,0.0,0.0,0.0,0.47712125471966244,0.0,0.0,0.0,1,1,0
TEEN,UNKNOWN,0.0,0.0,12.0,VIDEO,0.0,-12,11.0,0.0,0.0,0.0,0.0,0.0,0.0,0.0,0.0,0.0,0.8450980400142568,0.3010299956639812,0.0,0.0,1,1,0
TEEN,UNKNOWN,0.0,0.0,12.0,VIDEO,0.0,-13,50.0,0.0,0.0,0.0,0.0,0.0,0.0,0.0,0.0,0.0,0.6989700043360189,0.47712125471966244,0.0,0.0,1,1,0
TEEN,UNKNOWN,0.0,0.0,12.0,VIDEO,0.0,-13,0.0,0.0,0.0,0.0,0.0,0.0,0.0,0.0,0.0,0.0,0.8450980400142568,0.0,0.0,0.0,1,1,0
TEEN,UNKNOWN,0.0,0.0,12.0,VIDEO,0.0,-13,0.0,0.0,0.0,0.0,0.0,0.0,0.0,0.0,0.0,0.0,0.6020599913279624,0.3010299956639812,0.0,0.0,1,1,0
TEEN,MALE,0.0,0.0,0.0,VIDEO,0.0,-13,3.0,0.0,0.0,0.0,0.0,0.0,0.16666666666666666,0.5,-0.16666666666666666,0.5,0.8450980400142568,0.47712125471966244,0.0,0.0,0,1,0
TEEN,MALE,0.0,0.0,0.0,COMIC,0.0,-11,103676.0,0.0,0.004424778761061947,0.007352941176470588,0.0,0.0,0.0,0.0,0.0,0.0,2.3560258571931225,2.1367205671564067,0.0,0.0,0,1,0
TEEN,MALE,0.0,0.0,0.0,VIDEO,0.0,-13,1.0,0.0,0.0,0.0,0.0,0.0,0.1111111111111111,0.0,0.0,0.0,1.2787536009528289,0.47712125471966244,0.0,0.0,0,1,0
TEEN,MALE,0.0,0.0,0.0,VIDEO,0.0,-12,0.0,0.0,0.0,0.0,0.0,0.0,0.0,0.0,0.0,0.0,0.47712125471966244,0.0,0.0,0.0,0,1,0
TEEN,MALE,0.0,0.0,0.0,VIDEO,0.0,-12,11.0,0.0,0.0,0.0,0.0,0.0,0.0,0.0,0.0,0.0,0.8450980400142568,0.3010299956639812,0.0,0.0,0,1,0
TEEN,MALE,0.0,0.0,0.0,COMIC,0.0,-11,0.0,0.0,0.0,0.0,0.0,0.0,0.0,0.0,0.0,0.0,1.2304489213782739,0.0,0.0,0.0,0,1,0
TEEN,MALE,0.0,0.0,0.0,VIDEO,0.0,-17,0.0,0.0,0.0,0.0,0.0,0.0,0.0,0.0,0.0,0.0,0.6020599913279624,0.0,0.0,0.0,0,1,0
TEEN,MALE,0.0,0.0,0.0,VIDEO,0.0,-13,50.0,0.0,0.0,0.0,0.0,0.0,0.0,0.0,0.0,0.0,0.6989700043360189,0.47712125471966244,0.0,0.0,0,1,0
TEEN,MALE,0.0,0.0,0.0,VIDEO,0.0,-13,0.0,0.0,0.0,0.0,0.0,0.0,0.0,0.0,0.0,0.0,0.8450980400142568,0.0,0.0,0.0,0,1,0
TEEN,MALE,0.0,0.0,0.0,VIDEO,0.0,-13,0.0,0.0,0.0,0.0,0.0,0.0,0.0,0.0,0.0,0.0,0.6020599913279624,0.3010299956639812,0.0,0.0,0,1,0
TEEN,MALE,0.0,0.0,0.0,VIDEO,0.0,-13,37.0,0.0,0.0,0.0,0.0,0.0,0.0,0.0,0.0,0.0,1.2304489213782739,0.6989700043360189,0.0,0.0,0,1,0
TEEN,MALE,0.0,0.0,0.0,VIDEO,0.0,-13,4.0,0.0,0.0,0.0,0.0,0.0,0.0,0.0,0.3333333333333333,1.0,0.6020599913279624,0.3010299956639812,0.0,0.0,0,1,0
TEEN,MALE,0.0,0.0,0.0,VIDEO,0.0,-13,0.0,0.0,0.0,0.0,0.0,0.0,1.0,0.0,0.0,0.0,0.47712125471966244,0.0,0.0,0.0,0,1,0
TEEN,MALE,0.0,0.0,0.0,VIDEO,0.0,-13,0.0,0.0,0.0,0.0,0.0,0.0,0.0,0.0,0.0,0.0,1.0,0.3010299956639812,0.0,0.0,0,1,0
TEEN,MALE,0.0,0.0,165.0,VIDEO,0.0,-13,4.0,0.0,0.0,0.0,0.0,0.0,0.0,0.0,0.3333333333333333,1.0,0.6020599913279624,0.3010299956639812,0.09919839679358718,0.16129032258064516,0,1,0
TEEN,MALE,0.0,0.0,165.0,COMIC,0.0,-11,103676.0,0.0,0.004424778761061947,0.007352941176470588,0.0,0.0,0.0,0.0,0.0,0.0,2.3560258571931225,2.1367205671564067,0.43887775551102204,0.16129032258064516,0,1,0
TEEN,MALE,0.0,0.0,165.0,VIDEO,0.0,-13,0.0,0.0,0.0,0.0,0.0,0.0,0.0,0.0,0.0,0.0,1.0,0.3010299956639812,0.09919839679358718,0.46774193548387094,0,1,0
TEEN,MALE,0.0,0.0,165.0,VIDEO,0.0,-13,50.0,0.0,0.0,0.0,0.0,0.0,0.0,0.0,0.0,0.0,0.6989700043360189,0.47712125471966244,0.19238476953907815,0.46774193548387094,0,1,0
TEEN,MALE,0.0,0.0,165.0,VIDEO,0.0,-13,3.0,0.0,0.0,0.0,0.0,0.0,0.16666666666666666,0.5,-0.16666666666666666,0.5,0.8450980400142568,0.47712125471966244,0.012024048096192385,0.29032258064516125,0,1,0
TEEN,MALE,0.0,0.0,165.0,VIDEO,0.0,-12,0.0,0.0,0.0,0.0,0.0,0.0,0.0,0.0,0.0,0.0,0.47712125471966244,0.0,0.006012024048096192,0.12903225806451613,0,1,0
TEEN,MALE,0.0,0.0,165.0,COMIC,0.0,-11,0.0,0.0,0.0,0.0,0.0,0.0,0.0,0.0,0.0,0.0,1.2304489213782739,0.0,0.0,0.0,0,1,0
TEEN,MALE,0.0,0.0,165.0,VIDEO,0.0,-12,11.0,0.0,0.0,0.0,0.0,0.0,0.0,0.0,0.0,0.0,0.8450980400142568,0.3010299956639812,0.0,0.0,0,1,0
TEEN,MALE,0.0,0.0,165.0,VIDEO,0.0,-13,0.0,0.0,0.0,0.0,0.0,0.0,1.0,0.0,0.0,0.0,0.47712125471966244,0.0,0.20440881763527055,0.25806451612903225,0,1,0
TEEN,MALE,0.0,0.0,165.0,VIDEO,0.0,-13,37.0,0.0,0.0,0.0,0.0,0.0,0.0,0.0,0.0,0.0,1.2304489213782739,0.6989700043360189,0.49298597194388777,0.0967741935483871,0,1,0
TEEN,MALE,0.0,0.0,165.0,VIDEO,0.0,-13,1.0,0.0,0.0,0.0,0.0,0.0,0.1111111111111111,0.0,0.0,0.0,1.2787536009528289,0.47712125471966244,0.11422845691382766,0.08064516129032258,0,1,0
TEEN,MALE,0.0,0.0,165.0,VIDEO,0.0,-17,0.0,0.0,0.0,0.0,0.0,0.0,0.0,0.0,0.0,0.0,0.6020599913279624,0.0,0.21042084168336675,0.46774193548387094,0,1,0
TEEN,MALE,0.0,0.0,165.0,VIDEO,0.0,-13,0.0,0.0,0.0,0.0,0.0,0.0,0.0,0.0,0.0,0.0,0.6020599913279624,0.3010299956639812,0.21342685370741482,0.5161290322580645,0,1,0
TEEN,MALE,0.0,0.0,165.0,VIDEO,0.0,-13,0.0,0.0,0.0,0.0,0.0,0.0,0.0,0.0,0.0,0.0,0.8450980400142568,0.0,0.3096192384769539,0.5,0,1,0
TEEN,MALE,0.0,0.0,127.0,VIDEO,0.0,-13,3.0,0.0,0.0,0.0,0.0,0.0,0.16666666666666666,0.5,-0.16666666666666666,0.5,0.8450980400142568,0.47712125471966244,0.022011661807580178,0.13793103448275862,0,1,0
TEEN,MALE,0.0,0.0,127.0,VIDEO,0.0,-13,1.0,0.0,0.0,0.0,0.0,0.0,0.1111111111111111,0.0,0.0,0.0,1.2787536009528289,0.47712125471966244,0.018658892128279883,0.10344827586206896,0,1,0
TEEN,MALE,0.0,0.0,127.0,VIDEO,0.0,-12,0.0,0.0,0.0,0.0,0.0,0.0,0.0,0.0,0.0,0.0,0.47712125471966244,0.0,0.009183673469387756,0.0,0,1,0
TEEN,MALE,0.0,0.0,127.0,VIDEO,0.0,-12,11.0,0.0,0.0,0.0,0.0,0.0,0.0,0.0,0.0,0.0,0.8450980400142568,0.3010299956639812,0.0,0.0,0,1,0
TEEN,MALE,0.0,0.0,127.0,COMIC,0.0,-11,0.0,0.0,0.0,0.0,0.0,0.0,0.0,0.0,0.0,0.0,1.2304489213782739,0.0,0.0,0.0,0,1,0
TEEN,MALE,0.0,0.0,127.0,VIDEO,0.0,-17,0.0,0.0,0.0,0.0,0.0,0.0,0.0,0.0,0.0,0.0,0.6020599913279624,0.0,0.05276967930029155,0.3448275862068966,0,1,0
TEEN,MALE,0.0,0.0,127.0,VIDEO,0.0,-13,37.0,0.0,0.0,0.0,0.0,0.0,0.0,0.0,0.0,0.0,1.2304489213782739,0.6989700043360189,0.053644314868804666,0.1724137931034483,0,1,0
TEEN,MALE,0.0,0.0,127.0,VIDEO,0.0,-13,0.0,0.0,0.0,0.0,0.0,0.0,0.0,0.0,0.0,0.0,0.8450980400142568,0.0,0.06895043731778426,0.5862068965517242,0,1,0
TEEN,MALE,0.0,0.0,127.0,VIDEO,0.0,-13,50.0,0.0,0.0,0.0,0.0,0.0,0.0,0.0,0.0,0.0,0.6989700043360189,0.47712125471966244,0.04227405247813411,0.5172413793103449,0,1,0
TEEN,MALE,0.0,0.0,127.0,VIDEO,0.0,-13,0.0,0.0,0.0,0.0,0.0,0.0,0.0,0.0,0.0,0.0,0.6020599913279624,0.3010299956639812,0.05072886297376093,0.5517241379310345,0,1,0
TEEN,MALE,0.0,0.0,127.0,VIDEO,0.0,-13,4.0,0.0,0.0,0.0,0.0,0.0,0.0,0.0,0.3333333333333333,1.0,0.6020599913279624,0.3010299956639812,0.024927113702623908,0.06896551724137931,0,1,0
TEEN,MALE,0.0,0.0,127.0,VIDEO,0.0,-13,0.0,0.0,0.0,0.0,0.0,0.0,1.0,0.0,0.0,0.0,0.47712125471966244,0.0,0.043586005830903794,0.06896551724137931,0,1,0
TEEN,MALE,0.0,0.0,127.0,VIDEO,0.0,-13,0.0,0.0,0.0,0.0,0.0,0.0,0.0,0.0,0.0,0.0,1.0,0.3010299956639812,0.024927113702623908,0.37931034482758624,0,1,0
TEEN,UNKNOWN,0.0,0.0,168556.0,VIDEO,0.0,-13,4.0,0.0,0.0,0.0,0.0,0.0,0.0,0.0,0.3333333333333333,1.0,0.6020599913279624,0.3010299956639812,0.08470290771175727,0.05,1,1,0
TEEN,UNKNOWN,0.0,0.0,168556.0,VIDEO,0.0,-13,0.0,0.0,0.0,0.0,0.0,0.0,1.0,0.0,0.0,0.0,0.47712125471966244,0.0,0.19469026548672566,0.25,1,1,0
TEEN,UNKNOWN,0.0,0.0,168556.0,COMIC,0.0,-13,101.0,0.0,0.0,0.0,0.0,0.0,0.0,0.0,0.0,0.0,1.2304489213782739,0.47712125471966244,0.2553729456384324,0.025,1,1,0
TEEN,MALE,0.0,0.0,0.0,VIDEO,0.0,-13,4.0,0.0,0.0,0.0,0.0,0.0,0.0,0.0,0.3333333333333333,1.0,0.6020599913279624,0.3010299956639812,0.425531914893617,0.12,0,1,0
TEEN,MALE,0.0,0.0,0.0,VIDEO,0.0,-13,0.0,0.0,0.0,0.0,0.0,0.0,0.0,0.0,0.0,0.0,1.0,0.3010299956639812,0.425531914893617,0.12,0,1,0
TEEN,MALE,0.0,0.0,0.0,COMIC,0.0,-13,101.0,0.0,0.0,0.0,0.0,0.0,0.0,0.0,0.0,0.0,1.2304489213782739,0.47712125471966244,0.0,0.0,0,1,0
TEEN,MALE,0.0,0.0,0.0,VIDEO,0.0,-13,0.0,0.0,0.0,0.0,0.0,0.0,1.0,0.0,0.0,0.0,0.47712125471966244,0.0,0.425531914893617,0.16,0,1,0
TEEN,MALE,0.0,0.0,0.0,VIDEO,0.0,-13,37.0,0.0,0.0,0.0,0.0,0.0,0.0,0.0,0.0,0.0,1.2304489213782739,0.6989700043360189,0.4042553191489362,0.2,0,1,0
TEEN,MALE,0.0,0.0,0.0,COMIC,0.0,-14,0.0,0.0,0.0,0.0,0.0,0.0,0.0,0.0,0.0,0.0,0.0,0.0,0.19148936170212766,0.2,0,1,0
TEEN,UNKNOWN,0.0,0.0,168556.0,COMIC,0.0,-14,0.0,0.0,0.0,0.0,0.0,0.0,0.0,0.0,0.0,0.0,0.0,0.0,0.3122629582806574,0.25,1,1,0
TEEN,MALE,0.0,0.0,127.0,COMIC,0.0,-13,101.0,0.0,0.0,0.0,0.0,0.0,0.0,0.0,0.0,0.0,1.2304489213782739,0.47712125471966244,0.42725947521865887,0.034482758620689655,0,1,0
TEEN,MALE,0.0,0.0,127.0,COMIC,0.0,-14,0.0,0.0,0.0,0.0,0.0,0.0,0.0,0.0,0.0,0.0,0.0,0.0,0.038483965014577265,0.06896551724137931,0,1,0
TEEN,MALE,0.0,0.0,127.0,COMIC,0.0,-14,0.0,0.0,0.0,0.0,0.0,0.0,0.0,0.0,0.0,0.0,0.0,0.0,0.42725947521865887,0.0,0,1,0
TEEN,UNKNOWN,0.0,0.0,168556.0,COMIC,0.0,-14,0.0,0.0,0.0,0.0,0.0,0.0,0.0,0.0,0.0,0.0,0.0,0.0,0.08512431521281079,0.0,1,1,0
TEEN,UNKNOWN,0.0,0.0,168556.0,COMIC,0.0,-14,8.0,0.0,0.0,0.0,0.0,0.0,0.06451612903225806,0.0,0.06451612903225806,0.0,1.505149978319906,0.7781512503836436,0.1748841129372103,0.475,1,1,0
TEEN,MALE,0.0,0.0,127.0,COMIC,0.0,-14,8.0,0.0,0.0,0.0,0.0,0.0,0.06451612903225806,0.0,0.06451612903225806,0.0,1.505149978319906,0.7781512503836436,0.04446064139941691,0.24137931034482757,0,1,0
TEEN,MALE,0.0,0.0,127.0,COMIC,0.0,-14,0.0,0.0,0.0,0.0,0.0,0.0,0.0,0.0,0.0,0.0,0.47712125471966244,0.0,0.018367346938775512,0.0,0,1,0
TEEN,UNKNOWN,0.0,0.0,168556.0,COMIC,0.0,-14,0.0,0.0,0.0,0.0,0.0,0.0,0.0,0.0,0.0,0.0,0.47712125471966244,0.0,0.13569321533923304,0.2,1,1,0
TEEN,MALE,0.0,0.0,34.0,VIDEO,0.0,-13,4.0,0.0,0.0,0.0,0.0,0.0,0.0,0.0,0.3333333333333333,1.0,0.6020599913279624,0.3010299956639812,0.11764705882352941,0.23076923076923075,0,1,0
TEEN,MALE,0.0,0.0,34.0,COMIC,0.0,-14,0.0,0.0,0.0,0.0,0.0,0.0,0.0,0.0,0.0,0.0,0.47712125471966244,0.0,0.1764705882352941,0.20735785953177258,0,1,0
TEEN,MALE,0.0,0.0,34.0,VIDEO,0.0,-13,0.0,0.0,0.0,0.0,0.0,0.0,0.0,0.0,0.0,0.0,1.0,0.3010299956639812,0.0784313725490196,0.013377926421404682,0,1,0
TEEN,MALE,0.0,0.0,34.0,VIDEO,0.0,-13,50.0,0.0,0.0,0.0,0.0,0.0,0.0,0.0,0.0,0.0,0.6989700043360189,0.47712125471966244,0.0784313725490196,0.4280936454849498,0,1,0
TEEN,MALE,0.0,0.0,34.0,COMIC,0.0,-13,101.0,0.0,0.0,0.0,0.0,0.0,0.0,0.0,0.0,0.0,1.2304489213782739,0.47712125471966244,0.38235294117647056,0.11371237458193979,0,1,0
TEEN,MALE,0.0,0.0,34.0,COMIC,0.0,-14,8.0,0.0,0.0,0.0,0.0,0.0,0.06451612903225806,0.0,0.06451612903225806,0.0,1.505149978319906,0.7781512503836436,0.0784313725490196,0.20735785953177258,0,1,0
TEEN,MALE,0.0,0.0,34.0,VIDEO,0.0,-13,37.0,0.0,0.0,0.0,0.0,0.0,0.0,0.0,0.0,0.0,1.2304489213782739,0.6989700043360189,0.0392156862745098,0.21739130434782608,0,1,0
TEEN,MALE,0.0,0.0,34.0,COMIC,0.0,-14,0.0,0.0,0.0,0.0,0.0,0.0,0.0,0.0,0.0,0.0,0.0,0.0,0.2647058823529412,0.006688963210702341,0,1,0
TEEN,MALE,0.0,0.0,34.0,COMIC,0.0,-14,0.0,0.0,0.0,0.0,0.0,0.0,0.0,0.0,0.0,0.0,0.0,0.0,0.058823529411764705,0.22073578595317725,0,1,0
TEEN,MALE,0.0,0.0,34.0,VIDEO,0.0,-13,0.0,0.0,0.0,0.0,0.0,0.0,0.0,0.0,0.0,0.0,0.6020599913279624,0.3010299956639812,0.0392156862745098,0.21070234113712374,0,1,0
TEEN,MALE,0.0,0.0,34.0,VIDEO,0.0,-13,0.0,0.0,0.0,0.0,0.0,0.0,0.0,0.0,0.0,0.0,0.8450980400142568,0.0,0.0784313725490196,0.42474916387959866,0,1,0
TEEN,UNKNOWN,0.0,0.0,27.0,VIDEO,0.0,-13,4.0,0.0,0.0,0.0,0.0,0.0,0.0,0.0,0.3333333333333333,1.0,0.6020599913279624,0.3010299956639812,0.0,0.0,0,1,0
TEEN,UNKNOWN,0.0,0.0,27.0,COMIC,0.0,-11,103676.0,0.0,0.004424778761061947,0.007352941176470588,0.0,0.0,0.0,0.0,0.0,0.0,2.3560258571931225,2.1367205671564067,0.0,0.0,0,1,0
TEEN,UNKNOWN,0.0,0.0,27.0,COMIC,0.0,-14,0.0,0.0,0.0,0.0,0.0,0.0,0.0,0.0,0.0,0.0,0.47712125471966244,0.0,0.25,0.0,0,1,0
TEEN,UNKNOWN,0.0,0.0,27.0,VIDEO,0.0,-13,0.0,0.0,0.0,0.0,0.0,0.0,0.0,0.0,0.0,0.0,1.0,0.3010299956639812,0.0,0.0,0,1,0
TEEN,UNKNOWN,0.0,0.0,27.0,VIDEO,0.0,-13,50.0,0.0,0.0,0.0,0.0,0.0,0.0,0.0,0.0,0.0,0.6989700043360189,0.47712125471966244,0.0,0.0,0,1,0
TEEN,UNKNOWN,0.0,0.0,27.0,VIDEO,0.0,-13,3.0,0.0,0.0,0.0,0.0,0.0,0.16666666666666666,0.5,-0.16666666666666666,0.5,0.8450980400142568,0.47712125471966244,0.0,0.0,0,1,0
TEEN,UNKNOWN,0.0,0.0,27.0,COMIC,0.0,-13,101.0,0.0,0.0,0.0,0.0,0.0,0.0,0.0,0.0,0.0,1.2304489213782739,0.47712125471966244,0.5,0.0,0,1,0
TEEN,UNKNOWN,0.0,0.0,27.0,COMIC,0.0,-14,8.0,0.0,0.0,0.0,0.0,0.0,0.06451612903225806,0.0,0.06451612903225806,0.0,1.505149978319906,0.7781512503836436,0.0,0.0,0,1,0
TEEN,MALE,0.0,0.0,127.0,COMIC,0.0,-11,103676.0,0.0,0.004424778761061947,0.007352941176470588,0.0,0.0,0.0,0.0,0.0,0.0,2.3560258571931225,2.1367205671564067,0.10539358600583092,0.1724137931034483,0,1,1
TEEN,UNKNOWN,0.0,0.0,168556.0,VIDEO,0.0,-13,37.0,0.0,0.0,0.0,0.0,0.0,0.0,0.0,0.0,0.0,1.2304489213782739,0.6989700043360189,0.4306784660766962,0.175,1,1,1
TEEN,UNKNOWN,0.0,0.0,27.0,VIDEO,0.0,-12,0.0,0.0,0.0,0.0,0.0,0.0,0.0,0.0,0.0,0.0,0.47712125471966244,0.0,0.0,0.0,0,1,0
TEEN,UNKNOWN,0.0,0.0,27.0,COMIC,0.0,-11,0.0,0.0,0.0,0.0,0.0,0.0,0.0,0.0,0.0,0.0,1.2304489213782739,0.0,0.0,0.0,0,1,0
TEEN,UNKNOWN,0.0,0.0,27.0,VIDEO,0.0,-12,11.0,0.0,0.0,0.0,0.0,0.0,0.0,0.0,0.0,0.0,0.8450980400142568,0.3010299956639812,0.0,0.0,0,1,0
TEEN,UNKNOWN,0.0,0.0,27.0,VIDEO,0.0,-13,0.0,0.0,0.0,0.0,0.0,0.0,1.0,0.0,0.0,0.0,0.47712125471966244,0.0,0.0,1.0,0,1,0
TEEN,UNKNOWN,0.0,0.0,27.0,VIDEO,0.0,-13,37.0,0.0,0.0,0.0,0.0,0.0,0.0,0.0,0.0,0.0,1.2304489213782739,0.6989700043360189,0.0,0.0,0,1,0
TEEN,UNKNOWN,0.0,0.0,27.0,COMIC,0.0,-14,0.0,0.0,0.0,0.0,0.0,0.0,0.0,0.0,0.0,0.0,0.0,0.0,0.25,0.0,0,1,0
TEEN,UNKNOWN,0.0,0.0,27.0,VIDEO,0.0,-13,1.0,0.0,0.0,0.0,0.0,0.0,0.1111111111111111,0.0,0.0,0.0,1.2787536009528289,0.47712125471966244,0.0,0.0,0,1,0
TEEN,UNKNOWN,0.0,0.0,27.0,COMIC,0.0,-14,0.0,0.0,0.0,0.0,0.0,0.0,0.0,0.0,0.0,0.0,0.0,0.0,0.0,0.0,0,1,0
TEEN,UNKNOWN,0.0,0.0,27.0,VIDEO,0.0,-17,0.0,0.0,0.0,0.0,0.0,0.0,0.0,0.0,0.0,0.0,0.6020599913279624,0.0,0.0,0.0,0,1,0
TEEN,UNKNOWN,0.0,0.0,27.0,VIDEO,0.0,-13,0.0,0.0,0.0,0.0,0.0,0.0,0.0,0.0,0.0,0.0,0.6020599913279624,0.3010299956639812,0.0,0.0,0,1,0
TEEN,UNKNOWN,0.0,0.0,27.0,VIDEO,0.0,-13,0.0,0.0,0.0,0.0,0.0,0.0,0.0,0.0,0.0,0.0,0.8450980400142568,0.0,0.0,1.0,0,1,0
TEEN,MALE,0.0,0.0,127.0,COMIC,0.0,-14,0.0,0.0,0.0,0.0,0.0,0.0,0.0,0.0,0.0,0.0,1.2304489213782739,0.0,0.005685131195335277,0.4482758620689655,0,1,0
TEEN,MALE,0.0,0.0,165.0,COMIC,0.0,-14,0.0,0.0,0.0,0.0,0.0,0.0,0.0,0.0,0.0,0.0,0.47712125471966244,0.0,0.012024048096192385,0.12903225806451613,0,1,0
TEEN,MALE,0.0,0.0,165.0,COMIC,0.0,-13,101.0,0.0,0.0,0.0,0.0,0.0,0.0,0.0,0.0,0.0,1.2304489213782739,0.47712125471966244,0.23246492985971945,0.0,0,1,0
TEEN,MALE,0.0,0.0,165.0,COMIC,0.0,-14,8.0,0.0,0.0,0.0,0.0,0.0,0.06451612903225806,0.0,0.06451612903225806,0.0,1.505149978319906,0.7781512503836436,0.10521042084168337,0.03225806451612903,0,1,0
TEEN,MALE,0.0,0.0,165.0,COMIC,0.0,-14,0.0,0.0,0.0,0.0,0.0,0.0,0.0,0.0,0.0,0.0,1.2304489213782739,0.0,0.0,0.3387096774193548,0,1,0
TEEN,MALE,0.0,0.0,165.0,COMIC,0.0,-14,0.0,0.0,0.0,0.0,0.0,0.0,0.0,0.0,0.0,0.0,0.0,0.0,0.23246492985971945,0.0,0,1,0
TEEN,MALE,0.0,0.0,165.0,COMIC,0.0,-14,0.0,0.0,0.0,0.0,0.0,0.0,0.0,0.0,0.0,0.0,0.0,0.0,0.20741482965931865,0.3870967741935484,0,1,0
TEEN,UNKNOWN,0.0,0.0,168556.0,COMIC,0.0,-14,0.0,0.0,0.0,0.0,0.0,0.0,0.0,0.0,0.0,0.0,1.2304489213782739,0.0,0.032448377581120944,0.19999999999999998,1,1,0
TEEN,UNKNOWN,0.0,0.0,0.0,VIDEO,0.0,-13,4.0,0.0,0.0,0.0,0.0,0.0,0.0,0.0,0.3333333333333333,1.0,0.6020599913279624,0.3010299956639812,0.0,0.0,0,1,0
TEEN,UNKNOWN,0.0,0.0,0.0,COMIC,0.0,-11,103676.0,0.0,0.004424778761061947,0.007352941176470588,0.0,0.0,0.0,0.0,0.0,0.0,2.3560258571931225,2.1367205671564067,0.0,0.0,0,1,0
TEEN,UNKNOWN,0.0,0.0,0.0,COMIC,0.0,-14,0.0,0.0,0.0,0.0,0.0,0.0,0.0,0.0,0.0,0.0,0.47712125471966244,0.0,0.0,0.0,0,1,0
TEEN,UNKNOWN,0.0,0.0,0.0,VIDEO,0.0,-13,0.0,0.0,0.0,0.0,0.0,0.0,0.0,0.0,0.0,0.0,1.0,0.3010299956639812,0.0,0.0,0,1,0
TEEN,UNKNOWN,0.0,0.0,0.0,VIDEO,0.0,-13,50.0,0.0,0.0,0.0,0.0,0.0,0.0,0.0,0.0,0.0,0.6989700043360189,0.47712125471966244,0.0,0.0,0,1,0
TEEN,UNKNOWN,0.0,0.0,0.0,VIDEO,0.0,-13,3.0,0.0,0.0,0.0,0.0,0.0,0.16666666666666666,0.5,-0.16666666666666666,0.5,0.8450980400142568,0.47712125471966244,0.0,0.0,0,1,0
TEEN,UNKNOWN,0.0,0.0,0.0,COMIC,0.0,-13,101.0,0.0,0.0,0.0,0.0,0.0,0.0,0.0,0.0,0.0,1.2304489213782739,0.47712125471966244,0.0,0.0,0,1,0
TEEN,UNKNOWN,0.0,0.0,0.0,COMIC,0.0,-14,8.0,0.0,0.0,0.0,0.0,0.0,0.06451612903225806,0.0,0.06451612903225806,0.0,1.505149978319906,0.7781512503836436,0.0,0.0,0,1,0
TEEN,UNKNOWN,0.0,0.0,0.0,COMIC,0.0,-11,0.0,0.0,0.0,0.0,0.0,0.0,0.0,0.0,0.0,0.0,1.2304489213782739,0.0,0.0,0.0,0,1,0
TEEN,UNKNOWN,0.0,0.0,0.0,VIDEO,0.0,-12,11.0,0.0,0.0,0.0,0.0,0.0,0.0,0.0,0.0,0.0,0.8450980400142568,0.3010299956639812,0.0,0.0,0,1,0
TEEN,UNKNOWN,0.0,0.0,0.0,VIDEO,0.0,-13,0.0,0.0,0.0,0.0,0.0,0.0,1.0,0.0,0.0,0.0,0.47712125471966244,0.0,0.0,0.0,0,1,0
TEEN,UNKNOWN,0.0,0.0,0.0,COMIC,0.0,-14,0.0,0.0,0.0,0.0,0.0,0.0,0.0,0.0,0.0,0.0,1.2304489213782739,0.0,0.0,0.0,0,1,0
TEEN,UNKNOWN,0.0,0.0,0.0,VIDEO,0.0,-13,37.0,0.0,0.0,0.0,0.0,0.0,0.0,0.0,0.0,0.0,1.2304489213782739,0.6989700043360189,0.0,0.0,0,1,0
TEEN,UNKNOWN,0.0,0.0,0.0,COMIC,0.0,-14,0.0,0.0,0.0,0.0,0.0,0.0,0.0,0.0,0.0,0.0,0.0,0.0,0.0,0.0,0,1,0
TEEN,UNKNOWN,0.0,0.0,0.0,VIDEO,0.0,-13,1.0,0.0,0.0,0.0,0.0,0.0,0.1111111111111111,0.0,0.0,0.0,1.2787536009528289,0.47712125471966244,0.0,0.0,0,1,0
TEEN,UNKNOWN,0.0,0.0,0.0,COMIC,0.0,-14,0.0,0.0,0.0,0.0,0.0,0.0,0.0,0.0,0.0,0.0,0.0,0.0,0.0,0.0,0,1,0
TEEN,UNKNOWN,0.0,0.0,0.0,VIDEO,0.0,-17,0.0,0.0,0.0,0.0,0.0,0.0,0.0,0.0,0.0,0.0,0.6020599913279624,0.0,0.0,0.0,0,1,0
TEEN,UNKNOWN,0.0,0.0,0.0,COMIC,0.0,-14,68.0,0.0,0.07692307692307693,0.0,0.038461538461538464,0.0,0.07692307692307693,0.0,-0.038461538461538464,-0.1111111111111111,1.724275869600789,1.2787536009528289,0.0,0.0,0,1,0
TEEN,UNKNOWN,0.0,0.0,0.0,VIDEO,0.0,-13,0.0,0.0,0.0,0.0,0.0,0.0,0.0,0.0,0.0,0.0,0.6020599913279624,0.3010299956639812,0.0,0.0,0,1,0
TEEN,UNKNOWN,0.0,0.0,0.0,VIDEO,0.0,-13,0.0,0.0,0.0,0.0,0.0,0.0,0.0,0.0,0.0,0.0,0.8450980400142568,0.0,0.0,0.0,0,1,0
TEEN,UNKNOWN,0.0,0.0,1038.0,VIDEO,0.0,-13,4.0,0.0,0.0,0.0,0.0,0.0,0.0,0.0,0.3333333333333333,1.0,0.6020599913279624,0.3010299956639812,0.032722513089005235,0.09090909090909091,1,1,0
TEEN,UNKNOWN,0.0,0.0,1038.0,COMIC,0.0,-11,103676.0,0.0,0.004424778761061947,0.007352941176470588,0.0,0.0,0.0,0.0,0.0,0.0,2.3560258571931225,2.1367205671564067,0.029232111692844676,0.18181818181818182,1,1,0
TEEN,UNKNOWN,0.0,0.0,1038.0,COMIC,0.0,-14,0.0,0.0,0.0,0.0,0.0,0.0,0.0,0.0,0.0,0.0,0.47712125471966244,0.0,0.008726003490401396,0.0,1,1,0
TEEN,UNKNOWN,0.0,0.0,1038.0,VIDEO,0.0,-13,0.0,0.0,0.0,0.0,0.0,0.0,0.0,0.0,0.0,0.0,1.0,0.3010299956639812,0.032722513089005235,0.4545454545454546,1,1,0
TEEN,UNKNOWN,0.0,0.0,1038.0,VIDEO,0.0,-13,50.0,0.0,0.0,0.0,0.0,0.0,0.0,0.0,0.0,0.0,0.6989700043360189,0.47712125471966244,0.05366492146596859,0.6363636363636364,1,1,0
TEEN,UNKNOWN,0.0,0.0,1038.0,VIDEO,0.0,-13,3.0,0.0,0.0,0.0,0.0,0.0,0.16666666666666666,0.5,-0.16666666666666666,0.5,0.8450980400142568,0.47712125471966244,0.0,0.09090909090909091,1,1,0
TEEN,UNKNOWN,0.0,0.0,1038.0,COMIC,0.0,-13,101.0,0.0,0.0,0.0,0.0,0.0,0.0,0.0,0.0,0.0,1.2304489213782739,0.47712125471966244,0.02006980802792321,0.0,1,1,0
TEEN,UNKNOWN,0.0,0.0,1038.0,COMIC,0.0,-14,8.0,0.0,0.0,0.0,0.0,0.0,0.06451612903225806,0.0,0.06451612903225806,0.0,1.505149978319906,0.7781512503836436,0.0606457242582897,0.09090909090909091,1,1,0
TEEN,UNKNOWN,0.0,0.0,1038.0,VIDEO,0.0,-12,0.0,0.0,0.0,0.0,0.0,0.0,0.0,0.0,0.0,0.0,0.47712125471966244,0.0,0.012216404886561954,0.0,1,1,0
TEEN,UNKNOWN,0.0,0.0,1038.0,COMIC,0.0,-11,0.0,0.0,0.0,0.0,0.0,0.0,0.0,0.0,0.0,0.0,1.2304489213782739,0.0,0.0,0.0,1,1,0
TEEN,UNKNOWN,0.0,0.0,1038.0,VIDEO,0.0,-12,11.0,0.0,0.0,0.0,0.0,0.0,0.0,0.0,0.0,0.0,0.8450980400142568,0.3010299956639812,0.0,0.0,1,1,0
TEEN,UNKNOWN,0.0,0.0,1038.0,VIDEO,0.0,-13,0.0,0.0,0.0,0.0,0.0,0.0,1.0,0.0,0.0,0.0,0.47712125471966244,0.0,0.032722513089005235,0.5454545454545454,1,1,0
TEEN,UNKNOWN,0.0,0.0,1038.0,COMIC,0.0,-14,0.0,0.0,0.0,0.0,0.0,0.0,0.0,0.0,0.0,0.0,1.2304489213782739,0.0,0.0013089005235602095,0.8181818181818182,1,1,0
TEEN,UNKNOWN,0.0,0.0,1038.0,VIDEO,0.0,-13,37.0,0.0,0.0,0.0,0.0,0.0,0.0,0.0,0.0,0.0,1.2304489213782739,0.6989700043360189,0.022251308900523563,0.0,1,1,0
TEEN,UNKNOWN,0.0,0.0,1038.0,COMIC,0.0,-14,0.0,0.0,0.0,0.0,0.0,0.0,0.0,0.0,0.0,0.0,0.0,0.0,0.008726003490401396,0.0,1,1,0
TEEN,UNKNOWN,0.0,0.0,1038.0,VIDEO,0.0,-13,1.0,0.0,0.0,0.0,0.0,0.0,0.1111111111111111,0.0,0.0,0.0,1.2787536009528289,0.47712125471966244,0.0,0.0,1,1,0
TEEN,UNKNOWN,0.0,0.0,1038.0,COMIC,0.0,-14,0.0,0.0,0.0,0.0,0.0,0.0,0.0,0.0,0.0,0.0,0.0,0.0,0.01832460732984293,0.0,1,1,0
TEEN,UNKNOWN,0.0,0.0,1038.0,VIDEO,0.0,-17,0.0,0.0,0.0,0.0,0.0,0.0,0.0,0.0,0.0,0.0,0.6020599913279624,0.0,0.04493891797556719,0.36363636363636365,1,1,0
TEEN,UNKNOWN,0.0,0.0,1038.0,COMIC,0.0,-14,68.0,0.0,0.07692307692307693,0.0,0.038461538461538464,0.0,0.07692307692307693,0.0,-0.038461538461538464,-0.1111111111111111,1.724275869600789,1.2787536009528289,0.9127399650959861,0.36363636363636365,1,1,0
TEEN,UNKNOWN,0.0,0.0,1038.0,VIDEO,0.0,-13,0.0,0.0,0.0,0.0,0.0,0.0,0.0,0.0,0.0,0.0,0.6020599913279624,0.3010299956639812,0.03315881326352531,0.36363636363636365,1,1,0
TEEN,UNKNOWN,0.0,0.0,1038.0,VIDEO,0.0,-13,0.0,0.0,0.0,0.0,0.0,0.0,0.0,0.0,0.0,0.0,0.8450980400142568,0.0,0.05017452006980803,0.8181818181818182,1,1,0
TEEN,FEMALE,0.0,0.0,0.0,VIDEO,0.0,-17,0.0,0.0,0.0,0.0,0.0,0.0,0.0,0.0,0.0,0.0,0.6020599913279624,0.0,0.08823529411764705,0.0,0,1,0
TEEN,FEMALE,0.0,0.0,0.0,COMIC,0.0,-14,0.0,0.0,0.0,0.0,0.0,0.0,0.0,0.0,0.0,0.0,0.0,0.0,0.08823529411764705,0.0,0,1,0
TEEN,FEMALE,0.0,0.0,0.0,COMIC,0.0,-14,8.0,0.0,0.0,0.0,0.0,0.0,0.06451612903225806,0.0,0.06451612903225806,0.0,1.505149978319906,0.7781512503836436,0.08823529411764705,0.0,0,1,0
TEEN,FEMALE,0.0,0.0,0.0,VIDEO,0.0,-13,3.0,0.0,0.0,0.0,0.0,0.0,0.16666666666666666,0.5,-0.16666666666666666,0.5,0.8450980400142568,0.47712125471966244,0.0,0.0,0,1,0
TEEN,FEMALE,0.0,0.0,0.0,COMIC,0.0,-11,103676.0,0.0,0.004424778761061947,0.007352941176470588,0.0,0.0,0.0,0.0,0.0,0.0,2.3560258571931225,2.1367205671564067,0.14705882352941177,0.0,0,1,0
TEEN,FEMALE,0.0,0.0,0.0,VIDEO,0.0,-13,1.0,0.0,0.0,0.0,0.0,0.0,0.1111111111111111,0.0,0.0,0.0,1.2787536009528289,0.47712125471966244,0.0,0.0,0,1,0
TEEN,FEMALE,0.0,0.0,0.0,VIDEO,0.0,-12,0.0,0.0,0.0,0.0,0.0,0.0,0.0,0.0,0.0,0.0,0.47712125471966244,0.0,0.029411764705882353,0.0,0,1,0
TEEN,FEMALE,0.0,0.0,0.0,VIDEO,0.0,-12,11.0,0.0,0.0,0.0,0.0,0.0,0.0,0.0,0.0,0.0,0.8450980400142568,0.3010299956639812,0.0,0.0,0,1,0
TEEN,FEMALE,0.0,0.0,0.0,COMIC,0.0,-11,0.0,0.0,0.0,0.0,0.0,0.0,0.0,0.0,0.0,0.0,1.2304489213782739,0.0,0.0,0.0,0,1,0
TEEN,FEMALE,0.0,0.0,0.0,VIDEO,0.0,-13,37.0,0.0,0.0,0.0,0.0,0.0,0.0,0.0,0.0,0.0,1.2304489213782739,0.6989700043360189,0.08823529411764705,0.0,0,1,0
TEEN,FEMALE,0.0,0.0,0.0,COMIC,0.0,-14,0.0,0.0,0.0,0.0,0.0,0.0,0.0,0.0,0.0,0.0,0.47712125471966244,0.0,0.08823529411764705,0.0,0,1,0
TEEN,FEMALE,0.0,0.0,0.0,VIDEO,0.0,-13,0.0,0.0,0.0,0.0,0.0,0.0,1.0,0.0,0.0,0.0,0.47712125471966244,0.0,0.11764705882352941,0.0,0,1,0
TEEN,FEMALE,0.0,0.0,0.0,VIDEO,0.0,-13,4.0,0.0,0.0,0.0,0.0,0.0,0.0,0.0,0.3333333333333333,1.0,0.6020599913279624,0.3010299956639812,0.058823529411764705,0.0,0,1,0
TEEN,FEMALE,0.0,0.0,0.0,VIDEO,0.0,-13,0.0,0.0,0.0,0.0,0.0,0.0,0.0,0.0,0.0,0.0,0.6020599913279624,0.3010299956639812,0.14705882352941177,0.0,0,1,0
TEEN,FEMALE,0.0,0.0,0.0,VIDEO,0.0,-13,50.0,0.0,0.0,0.0,0.0,0.0,0.0,0.0,0.0,0.0,0.6989700043360189,0.47712125471966244,0.08823529411764705,0.0,0,1,0
TEEN,FEMALE,0.0,0.0,0.0,VIDEO,0.0,-13,0.0,0.0,0.0,0.0,0.0,0.0,0.0,0.0,0.0,0.0,1.0,0.3010299956639812,0.058823529411764705,0.0,0,1,0
TEEN,FEMALE,0.0,0.0,0.0,COMIC,0.0,-14,0.0,0.0,0.0,0.0,0.0,0.0,0.0,0.0,0.0,0.0,0.0,0.0,0.058823529411764705,0.0,0,1,0
TEEN,MALE,0.0,0.0,0.0,COMIC,0.0,-14,0.0,0.0,0.0,0.0,0.0,0.0,0.0,0.0,0.0,0.0,0.47712125471966244,0.0,0.0,0.08,0,1,0
TEEN,MALE,0.0,0.0,0.0,COMIC,0.0,-14,8.0,0.0,0.0,0.0,0.0,0.0,0.06451612903225806,0.0,0.06451612903225806,0.0,1.505149978319906,0.7781512503836436,0.425531914893617,0.24,0,1,0
TEEN,MALE,0.0,0.0,0.0,COMIC,0.0,-14,0.0,0.0,0.0,0.0,0.0,0.0,0.0,0.0,0.0,0.0,1.2304489213782739,0.0,0.0,0.28,0,1,0
TEEN,MALE,0.0,0.0,0.0,COMIC,0.0,-14,0.0,0.0,0.0,0.0,0.0,0.0,0.0,0.0,0.0,0.0,0.0,0.0,0.0,0.0,0,1,0
TEEN,MALE,0.0,0.0,0.0,COMIC,0.0,-14,68.0,0.0,0.07692307692307693,0.0,0.038461538461538464,0.0,0.07692307692307693,0.0,-0.038461538461538464,-0.1111111111111111,1.724275869600789,1.2787536009528289,0.0,0.12,0,1,0
TEEN,UNKNOWN,0.0,0.0,27.0,COMIC,0.0,-14,0.0,0.0,0.0,0.0,0.0,0.0,0.0,0.0,0.0,0.0,1.2304489213782739,0.0,0.0,1.0,0,1,0
TEEN,UNKNOWN,0.0,0.0,27.0,COMIC,0.0,-14,68.0,0.0,0.07692307692307693,0.0,0.038461538461538464,0.0,0.07692307692307693,0.0,-0.038461538461538464,-0.1111111111111111,1.724275869600789,1.2787536009528289,0.5,0.0,0,1,0
TEEN,MALE,0.0,0.0,34.0,COMIC,0.0,-14,0.0,0.0,0.0,0.0,0.0,0.0,0.0,0.0,0.0,0.0,1.2304489213782739,0.0,0.0,0.2140468227424749,0,1,0
TEEN,MALE,0.0,0.0,34.0,COMIC,0.0,-14,68.0,0.0,0.07692307692307693,0.0,0.038461538461538464,0.0,0.07692307692307693,0.0,-0.038461538461538464,-0.1111111111111111,1.724275869600789,1.2787536009528289,0.5294117647058824,0.0033444816053511705,0,1,0
TEEN,UNKNOWN,0.0,0.0,168556.0,VIDEO,0.0,-17,14.0,0.0,0.0,0.0,0.0,0.0,0.0,0.0,0.0,0.0,0.9030899869919435,0.47712125471966244,0.14959966287399917,0.175,1,1,0
TEEN,MALE,0.0,0.0,34.0,VIDEO,0.0,-17,14.0,0.0,0.0,0.0,0.0,0.0,0.0,0.0,0.0,0.0,0.9030899869919435,0.47712125471966244,0.1568627450980392,0.0033444816053511705,0,1,0
TEEN,UNKNOWN,0.0,0.0,27.0,VIDEO,0.0,-17,14.0,0.0,0.0,0.0,0.0,0.0,0.0,0.0,0.0,0.0,0.9030899869919435,0.47712125471966244,0.25,0.0,0,1,0
TEEN,MALE,0.0,0.0,34.0,VIDEO,0.0,-17,1.0,0.0,0.0,0.0,0.0,0.0,0.0,0.0,0.0,0.0,0.8450980400142568,0.3010299956639812,0.0392156862745098,0.22408026755852842,0,1,0
TEEN,UNKNOWN,0.0,0.0,20.0,VIDEO,0.0,-17,0.0,0.0,0.0,0.0,0.0,0.0,0.0,0.0,0.0,0.0,0.6020599913279624,0.0,0.34183673469387754,0.008888888888888889,0,1,0
TEEN,UNKNOWN,0.0,0.0,20.0,COMIC,0.0,-14,0.0,0.0,0.0,0.0,0.0,0.0,0.0,0.0,0.0,0.0,0.0,0.0,0.18877551020408162,0.24888888888888888,0,1,0
TEEN,UNKNOWN,0.0,0.0,20.0,COMIC,0.0,-14,8.0,0.0,0.0,0.0,0.0,0.0,0.06451612903225806,0.0,0.06451612903225806,0.0,1.505149978319906,0.7781512503836436,0.4200680272108844,0.2711111111111111,0,1,0
TEEN,UNKNOWN,0.0,0.0,20.0,VIDEO,0.0,-13,0.0,0.0,0.0,0.0,0.0,0.0,0.0,0.0,0.0,0.0,0.8450980400142568,0.0,0.48639455782312924,0.5155555555555555,0,1,0
TEEN,UNKNOWN,0.0,0.0,20.0,VIDEO,0.0,-13,0.0,0.0,0.0,0.0,0.0,0.0,0.0,0.0,0.0,0.0,0.6020599913279624,0.3010299956639812,0.3333333333333333,0.26666666666666666,0,1,0
TEEN,UNKNOWN,0.0,0.0,20.0,VIDEO,0.0,-13,3.0,0.0,0.0,0.0,0.0,0.0,0.16666666666666666,0.5,-0.16666666666666666,0.5,0.8450980400142568,0.47712125471966244,0.04421768707482993,0.24888888888888888,0,1,0
TEEN,UNKNOWN,0.0,0.0,20.0,VIDEO,0.0,-13,1.0,0.0,0.0,0.0,0.0,0.0,0.1111111111111111,0.0,0.0,0.0,1.2787536009528289,0.47712125471966244,0.04421768707482993,0.23555555555555555,0,1,0
TEEN,UNKNOWN,0.0,0.0,20.0,VIDEO,0.0,-12,0.0,0.0,0.0,0.0,0.0,0.0,0.0,0.0,0.0,0.0,0.47712125471966244,0.0,0.022108843537414966,0.23555555555555555,0,1,0
TEEN,UNKNOWN,0.0,0.0,20.0,VIDEO,0.0,-12,11.0,0.0,0.0,0.0,0.0,0.0,0.0,0.0,0.0,0.0,0.8450980400142568,0.3010299956639812,0.0,0.0,0,1,0
TEEN,UNKNOWN,0.0,0.0,20.0,VIDEO,0.0,-13,37.0,0.0,0.0,0.0,0.0,0.0,0.0,0.0,0.0,0.0,1.2304489213782739,0.6989700043360189,0.34183673469387754,0.23555555555555555,0,1,0
TEEN,UNKNOWN,0.0,0.0,20.0,COMIC,0.0,-13,101.0,0.0,0.0,0.0,0.0,0.0,0.0,0.0,0.0,0.0,1.2304489213782739,0.47712125471966244,0.12755102040816327,0.0,0,1,0
TEEN,UNKNOWN,0.0,0.0,20.0,COMIC,0.0,-14,0.0,0.0,0.0,0.0,0.0,0.0,0.0,0.0,0.0,0.0,0.47712125471966244,0.0,0.04421768707482993,0.23555555555555555,0,1,0
TEEN,UNKNOWN,0.0,0.0,20.0,VIDEO,0.0,-13,0.0,0.0,0.0,0.0,0.0,0.0,1.0,0.0,0.0,0.0,0.47712125471966244,0.0,0.3197278911564626,0.4711111111111111,0,1,0
TEEN,UNKNOWN,0.0,0.0,20.0,COMIC,0.0,-14,0.0,0.0,0.0,0.0,0.0,0.0,0.0,0.0,0.0,0.0,1.2304489213782739,0.0,0.008503401360544218,0.2577777777777778,0,1,0
TEEN,UNKNOWN,0.0,0.0,20.0,VIDEO,0.0,-13,4.0,0.0,0.0,0.0,0.0,0.0,0.0,0.0,0.3333333333333333,1.0,0.6020599913279624,0.3010299956639812,0.2755102040816326,0.23555555555555555,0,1,0
TEEN,UNKNOWN,0.0,0.0,20.0,VIDEO,0.0,-13,0.0,0.0,0.0,0.0,0.0,0.0,0.0,0.0,0.0,0.0,1.0,0.3010299956639812,0.2755102040816326,0.008888888888888889,0,1,0
TEEN,UNKNOWN,0.0,0.0,20.0,COMIC,0.0,-14,0.0,0.0,0.0,0.0,0.0,0.0,0.0,0.0,0.0,0.0,0.0,0.0,0.12755102040816327,0.0,0,1,0
TEEN,UNKNOWN,0.0,0.0,20.0,VIDEO,0.0,-17,1.0,0.0,0.0,0.0,0.0,0.0,0.0,0.0,0.0,0.0,0.8450980400142568,0.3010299956639812,0.30612244897959184,0.2577777777777778,0,1,0
TEEN,UNKNOWN,0.0,0.0,168556.0,VIDEO,0.0,-17,1.0,0.0,0.0,0.0,0.0,0.0,0.0,0.0,0.0,0.0,0.8450980400142568,0.3010299956639812,0.1748841129372103,0.25,1,1,0
TEEN,UNKNOWN,0.0,0.0,12.0,VIDEO,0.0,-13,4.0,0.0,0.0,0.0,0.0,0.0,0.0,0.0,0.3333333333333333,1.0,0.6020599913279624,0.3010299956639812,0.0,0.0,1,1,0
TEEN,UNKNOWN,0.0,0.0,12.0,COMIC,0.0,-14,0.0,0.0,0.0,0.0,0.0,0.0,0.0,0.0,0.0,0.0,0.47712125471966244,0.0,0.0,0.0,1,1,0
TEEN,UNKNOWN,0.0,0.0,12.0,VIDEO,0.0,-13,0.0,0.0,0.0,0.0,0.0,0.0,0.0,0.0,0.0,0.0,1.0,0.3010299956639812,0.0,0.0,1,1,0
TEEN,UNKNOWN,0.0,0.0,12.0,COMIC,0.0,-13,101.0,0.0,0.0,0.0,0.0,0.0,0.0,0.0,0.0,0.0,1.2304489213782739,0.47712125471966244,0.0,0.0,1,1,0
TEEN,UNKNOWN,0.0,0.0,12.0,VIDEO,0.0,-17,1.0,0.0,0.0,0.0,0.0,0.0,0.0,0.0,0.0,0.0,0.8450980400142568,0.3010299956639812,0.0,0.0,1,1,0
TEEN,UNKNOWN,0.0,0.0,12.0,COMIC,0.0,-14,8.0,0.0,0.0,0.0,0.0,0.0,0.06451612903225806,0.0,0.06451612903225806,0.0,1.505149978319906,0.7781512503836436,0.0,0.0,1,1,0
TEEN,UNKNOWN,0.0,0.0,12.0,VIDEO,0.0,-13,0.0,0.0,0.0,0.0,0.0,0.0,1.0,0.0,0.0,0.0,0.47712125471966244,0.0,0.0,0.0,1,1,0
TEEN,UNKNOWN,0.0,0.0,12.0,VIDEO,0.0,-17,14.0,0.0,0.0,0.0,0.0,0.0,0.0,0.0,0.0,0.0,0.9030899869919435,0.47712125471966244,0.0,0.0,1,1,0
TEEN,UNKNOWN,0.0,0.0,12.0,COMIC,0.0,-14,0.0,0.0,0.0,0.0,0.0,0.0,0.0,0.0,0.0,0.0,1.2304489213782739,0.0,0.0,0.0,1,1,0
TEEN,MALE,0.0,0.0,127.0,COMIC,0.0,-14,68.0,0.0,0.07692307692307693,0.0,0.038461538461538464,0.0,0.07692307692307693,0.0,-0.038461538461538464,-0.1111111111111111,1.724275869600789,1.2787536009528289,0.8571428571428571,0.3448275862068966,0,1,1
TEEN,UNKNOWN,0.0,0.0,20.0,VIDEO,0.0,-17,14.0,0.0,0.0,0.0,0.0,0.0,0.0,0.0,0.0,0.0,0.9030899869919435,0.47712125471966244,0.17857142857142858,0.008888888888888889,0,1,1
TEEN,UNKNOWN,0.0,0.0,20.0,VIDEO,0.0,-13,50.0,0.0,0.0,0.0,0.0,0.0,0.0,0.0,0.0,0.0,0.6989700043360189,0.47712125471966244,0.5204081632653061,0.4933333333333333,0,1,1
TEEN,UNKNOWN,0.0,0.0,20.0,COMIC,0.0,-14,68.0,0.0,0.07692307692307693,0.0,0.038461538461538464,0.0,0.07692307692307693,0.0,-0.038461538461538464,-0.1111111111111111,1.724275869600789,1.2787536009528289,0.25510204081632654,0.008888888888888889,0,1,1
TEEN,MALE,0.0,0.0,165.0,COMIC,0.0,-14,68.0,0.0,0.07692307692307693,0.0,0.038461538461538464,0.0,0.07692307692307693,0.0,-0.038461538461538464,-0.1111111111111111,1.724275869600789,1.2787536009528289,0.4649298597194389,0.3387096774193548,0,1,1
TEEN,UNKNOWN,0.0,0.0,12.0,VIDEO,0.0,-13,37.0,0.0,0.0,0.0,0.0,0.0,0.0,0.0,0.0,0.0,1.2304489213782739,0.6989700043360189,0.0,0.0,1,1,0
TEEN,UNKNOWN,0.0,0.0,12.0,COMIC,0.0,-14,0.0,0.0,0.0,0.0,0.0,0.0,0.0,0.0,0.0,0.0,0.0,0.0,0.0,0.0,1,1,0
TEEN,UNKNOWN,0.0,0.0,12.0,COMIC,0.0,-14,0.0,0.0,0.0,0.0,0.0,0.0,0.0,0.0,0.0,0.0,0.0,0.0,0.0,0.0,1,1,0
TEEN,UNKNOWN,0.0,0.0,12.0,COMIC,0.0,-14,68.0,0.0,0.07692307692307693,0.0,0.038461538461538464,0.0,0.07692307692307693,0.0,-0.038461538461538464,-0.1111111111111111,1.724275869600789,1.2787536009528289,0.0,0.0,1,1,0
TEEN,UNKNOWN,0.0,0.0,0.0,COMIC,0.0,-11,0.0,0.0,0.0,0.0,0.0,0.0,0.0,0.0,0.0,0.0,1.2304489213782739,0.0,0.0,0.0,1,1,0
TEEN,UNKNOWN,0.0,0.0,0.0,VIDEO,0.0,-17,1.0,0.0,0.0,0.0,0.0,0.0,0.0,0.0,0.0,0.0,0.8450980400142568,0.3010299956639812,0.2,0.0,1,1,0
TEEN,UNKNOWN,0.0,0.0,0.0,VIDEO,0.0,-17,14.0,0.0,0.0,0.0,0.0,0.0,0.0,0.0,0.0,0.0,0.9030899869919435,0.47712125471966244,0.1,0.0,1,1,0
TEEN,UNKNOWN,0.0,0.0,0.0,VIDEO,0.0,-13,0.0,0.0,0.0,0.0,0.0,0.0,1.0,0.0,0.0,0.0,0.47712125471966244,0.0,0.30000000000000004,0.0,1,1,0
TEEN,UNKNOWN,0.0,0.0,0.0,COMIC,0.0,-14,68.0,0.0,0.07692307692307693,0.0,0.038461538461538464,0.0,0.07692307692307693,0.0,-0.038461538461538464,-0.1111111111111111,1.724275869600789,1.2787536009528289,0.0,0.0,1,1,0
TEEN,UNKNOWN,0.0,0.0,0.0,VIDEO,0.0,-13,0.0,0.0,0.0,0.0,0.0,0.0,0.0,0.0,0.0,0.0,1.0,0.3010299956639812,0.1,0.0,1,1,0
TEEN,UNKNOWN,0.0,0.0,827.0,COMIC,0.0,-18,826.0,0.0,0.0,0.0,0.0,0.0,0.0,0.0,0.0,0.0,1.4313637641589874,1.1760912590556813,0.9831019915509958,0.7333333333333333,0,1,0
TEEN,UNKNOWN,0.0,0.0,0.0,VIDEO,0.0,-13,4.0,0.0,0.0,0.0,0.0,0.0,0.0,0.0,0.3333333333333333,1.0,0.6020599913279624,0.3010299956639812,0.1,0.0,1,1,0
TEEN,UNKNOWN,0.0,0.0,0.0,COMIC,0.0,-13,101.0,0.0,0.0,0.0,0.0,0.0,0.0,0.0,0.0,0.0,1.2304489213782739,0.47712125471966244,0.0,0.0,1,1,0
TEEN,UNKNOWN,0.0,0.0,0.0,VIDEO,0.0,-13,0.0,0.0,0.0,0.0,0.0,0.0,0.0,0.0,0.0,0.0,0.6020599913279624,0.3010299956639812,0.4,0.0,1,1,0
TEEN,UNKNOWN,0.0,0.0,0.0,COMIC,0.0,-14,0.0,0.0,0.0,0.0,0.0,0.0,0.0,0.0,0.0,0.0,1.2304489213782739,0.0,0.0,0.0,1,1,0
TEEN,UNKNOWN,0.0,0.0,0.0,VIDEO,0.0,-13,1.0,0.0,0.0,0.0,0.0,0.0,0.1111111111111111,0.0,0.0,0.0,1.2787536009528289,0.47712125471966244,0.2,0.0,1,1,0
TEEN,UNKNOWN,0.0,0.0,0.0,COMIC,0.0,-14,0.0,0.0,0.0,0.0,0.0,0.0,0.0,0.0,0.0,0.0,0.47712125471966244,0.0,0.2,0.0,1,1,0
TEEN,UNKNOWN,0.0,0.0,0.0,COMIC,0.0,-14,8.0,0.0,0.0,0.0,0.0,0.0,0.06451612903225806,0.0,0.06451612903225806,0.0,1.505149978319906,0.7781512503836436,0.2,0.0,1,1,0
TEEN,UNKNOWN,0.0,0.0,0.0,VIDEO,0.0,-17,0.0,0.0,0.0,0.0,0.0,0.0,0.0,0.0,0.0,0.0,0.6020599913279624,0.0,0.4,0.0,1,1,0
TEEN,UNKNOWN,0.0,0.0,0.0,VIDEO,0.0,-13,37.0,0.0,0.0,0.0,0.0,0.0,0.0,0.0,0.0,0.0,1.2304489213782739,0.6989700043360189,0.4,0.0,1,1,0
TEEN,UNKNOWN,0.0,0.0,0.0,VIDEO,0.0,-13,0.0,0.0,0.0,0.0,0.0,0.0,0.0,0.0,0.0,0.0,0.8450980400142568,0.0,0.5,0.0,1,1,0
TEEN,UNKNOWN,0.0,0.0,0.0,VIDEO,0.0,-13,3.0,0.0,0.0,0.0,0.0,0.0,0.16666666666666666,0.5,-0.16666666666666666,0.5,0.8450980400142568,0.47712125471966244,0.2,0.0,1,1,0
TEEN,UNKNOWN,0.0,0.0,0.0,VIDEO,0.0,-12,11.0,0.0,0.0,0.0,0.0,0.0,0.0,0.0,0.0,0.0,0.8450980400142568,0.3010299956639812,0.0,0.0,1,1,0
TEEN,UNKNOWN,0.0,0.0,0.0,VIDEO,0.0,-13,50.0,0.0,0.0,0.0,0.0,0.0,0.0,0.0,0.0,0.0,0.6989700043360189,0.47712125471966244,0.1,0.0,1,1,0
TEEN,UNKNOWN,0.0,0.0,0.0,COMIC,0.0,-14,0.0,0.0,0.0,0.0,0.0,0.0,0.0,0.0,0.0,0.0,0.0,0.0,0.30000000000000004,0.0,1,1,0
TEEN,UNKNOWN,0.0,0.0,0.0,COMIC,0.0,-11,0.0,0.0,0.0,0.0,0.0,0.0,0.0,0.0,0.0,0.0,1.2304489213782739,0.0,0.0,0.0,0,1,0
TEEN,UNKNOWN,0.0,0.0,0.0,VIDEO,0.0,-17,1.0,0.0,0.0,0.0,0.0,0.0,0.0,0.0,0.0,0.0,0.8450980400142568,0.3010299956639812,0.2,0.0,0,1,0
TEEN,UNKNOWN,0.0,0.0,0.0,VIDEO,0.0,-17,14.0,0.0,0.0,0.0,0.0,0.0,0.0,0.0,0.0,0.0,0.9030899869919435,0.47712125471966244,0.1,0.0,0,1,0
TEEN,UNKNOWN,0.0,0.0,0.0,VIDEO,0.0,-13,0.0,0.0,0.0,0.0,0.0,0.0,1.0,0.0,0.0,0.0,0.47712125471966244,0.0,0.30000000000000004,0.0,0,1,0
TEEN,UNKNOWN,0.0,0.0,0.0,COMIC,0.0,-14,68.0,0.0,0.07692307692307693,0.0,0.038461538461538464,0.0,0.07692307692307693,0.0,-0.038461538461538464,-0.1111111111111111,1.724275869600789,1.2787536009528289,0.0,0.0,0,1,0
TEEN,UNKNOWN,0.0,0.0,0.0,VIDEO,0.0,-13,0.0,0.0,0.0,0.0,0.0,0.0,0.0,0.0,0.0,0.0,1.0,0.3010299956639812,0.1,0.0,0,1,0
TEEN,UNKNOWN,0.0,0.0,0.0,VIDEO,0.0,-13,4.0,0.0,0.0,0.0,0.0,0.0,0.0,0.0,0.3333333333333333,1.0,0.6020599913279624,0.3010299956639812,0.1,0.0,0,1,0
TEEN,UNKNOWN,0.0,0.0,0.0,COMIC,0.0,-13,101.0,0.0,0.0,0.0,0.0,0.0,0.0,0.0,0.0,0.0,1.2304489213782739,0.47712125471966244,0.0,0.0,0,1,0
TEEN,UNKNOWN,0.0,0.0,0.0,VIDEO,0.0,-13,0.0,0.0,0.0,0.0,0.0,0.0,0.0,0.0,0.0,0.0,0.6020599913279624,0.3010299956639812,0.4,0.0,0,1,0
TEEN,UNKNOWN,0.0,0.0,0.0,COMIC,0.0,-14,0.0,0.0,0.0,0.0,0.0,0.0,0.0,0.0,0.0,0.0,1.2304489213782739,0.0,0.0,0.0,0,1,0
TEEN,UNKNOWN,0.0,0.0,0.0,VIDEO,0.0,-13,1.0,0.0,0.0,0.0,0.0,0.0,0.1111111111111111,0.0,0.0,0.0,1.2787536009528289,0.47712125471966244,0.2,0.0,0,1,0
TEEN,UNKNOWN,0.0,0.0,0.0,COMIC,0.0,-14,0.0,0.0,0.0,0.0,0.0,0.0,0.0,0.0,0.0,0.0,0.47712125471966244,0.0,0.2,0.0,0,1,0
TEEN,UNKNOWN,0.0,0.0,0.0,COMIC,0.0,-14,8.0,0.0,0.0,0.0,0.0,0.0,0.06451612903225806,0.0,0.06451612903225806,0.0,1.505149978319906,0.7781512503836436,0.2,0.0,0,1,0
TEEN,UNKNOWN,0.0,0.0,0.0,VIDEO,0.0,-17,0.0,0.0,0.0,0.0,0.0,0.0,0.0,0.0,0.0,0.0,0.6020599913279624,0.0,0.4,0.0,0,1,0
TEEN,UNKNOWN,0.0,0.0,0.0,VIDEO,0.0,-13,37.0,0.0,0.0,0.0,0.0,0.0,0.0,0.0,0.0,0.0,1.2304489213782739,0.6989700043360189,0.4,0.0,0,1,0
TEEN,UNKNOWN,0.0,0.0,0.0,VIDEO,0.0,-13,0.0,0.0,0.0,0.0,0.0,0.0,0.0,0.0,0.0,0.0,0.8450980400142568,0.0,0.5,0.0,0,1,0
TEEN,UNKNOWN,0.0,0.0,0.0,VIDEO,0.0,-13,3.0,0.0,0.0,0.0,0.0,0.0,0.16666666666666666,0.5,-0.16666666666666666,0.5,0.8450980400142568,0.47712125471966244,0.2,0.0,0,1,0
TEEN,UNKNOWN,0.0,0.0,0.0,VIDEO,0.0,-12,11.0,0.0,0.0,0.0,0.0,0.0,0.0,0.0,0.0,0.0,0.8450980400142568,0.3010299956639812,0.0,0.0,0,1,0
TEEN,UNKNOWN,0.0,0.0,0.0,VIDEO,0.0,-13,50.0,0.0,0.0,0.0,0.0,0.0,0.0,0.0,0.0,0.0,0.6989700043360189,0.47712125471966244,0.1,0.0,0,1,0
TEEN,UNKNOWN,0.0,0.0,0.0,COMIC,0.0,-14,0.0,0.0,0.0,0.0,0.0,0.0,0.0,0.0,0.0,0.0,0.0,0.0,0.30000000000000004,0.0,0,1,0
TEEN,FEMALE,0.0,0.0,0.0,VIDEO,0.0,-17,1.0,0.0,0.0,0.0,0.0,0.0,0.0,0.0,0.0,0.0,0.8450980400142568,0.3010299956639812,0.058823529411764705,0.0,0,1,0
TEEN,FEMALE,0.0,0.0,0.0,VIDEO,0.0,-17,14.0,0.0,0.0,0.0,0.0,0.0,0.0,0.0,0.0,0.0,0.9030899869919435,0.47712125471966244,0.23529411764705882,0.0,0,1,0
TEEN,UNKNOWN,0.0,0.0,827.0,COMIC,0.0,-11,103676.0,0.0,0.004424778761061947,0.007352941176470588,0.0,0.0,0.0,0.0,0.0,0.0,2.3560258571931225,2.1367205671564067,0.0024140012070006035,0.06666666666666667,0,1,0
TEEN,UNKNOWN,0.0,0.0,827.0,COMIC,0.0,-13,101.0,0.0,0.0,0.0,0.0,0.0,0.0,0.0,0.0,0.0,1.2304489213782739,0.47712125471966244,0.0,0.0,0,1,0
TEEN,UNKNOWN,0.0,0.0,827.0,VIDEO,0.0,-13,0.0,0.0,0.0,0.0,0.0,0.0,0.0,0.0,0.0,0.0,0.8450980400142568,0.0,0.0024140012070006035,0.8666666666666666,0,1,0
TEEN,UNKNOWN,0.0,0.0,827.0,COMIC,0.0,-11,0.0,0.0,0.0,0.0,0.0,0.0,0.0,0.0,0.0,0.0,1.2304489213782739,0.0,0.0,0.0,0,1,0
TEEN,UNKNOWN,0.0,0.0,827.0,VIDEO,0.0,-17,1.0,0.0,0.0,0.0,0.0,0.0,0.0,0.0,0.0,0.0,0.8450980400142568,0.3010299956639812,0.006035003017501509,0.9333333333333332,0,1,0
TEEN,UNKNOWN,0.0,0.0,827.0,VIDEO,0.0,-17,14.0,0.0,0.0,0.0,0.0,0.0,0.0,0.0,0.0,0.0,0.9030899869919435,0.47712125471966244,0.006035003017501509,0.7999999999999999,0,1,0
TEEN,UNKNOWN,0.0,0.0,827.0,VIDEO,0.0,-13,0.0,0.0,0.0,0.0,0.0,0.0,1.0,0.0,0.0,0.0,0.47712125471966244,0.0,0.0024140012070006035,0.06666666666666667,0,1,0
TEEN,UNKNOWN,0.0,0.0,827.0,COMIC,0.0,-14,68.0,0.0,0.07692307692307693,0.0,0.038461538461538464,0.0,0.07692307692307693,0.0,-0.038461538461538464,-0.1111111111111111,1.724275869600789,1.2787536009528289,0.9831019915509958,0.7333333333333333,0,1,0
TEEN,UNKNOWN,0.0,0.0,827.0,VIDEO,0.0,-13,0.0,0.0,0.0,0.0,0.0,0.0,0.0,0.0,0.0,0.0,1.0,0.3010299956639812,0.0012070006035003018,0.7333333333333333,0,1,0
TEEN,UNKNOWN,0.0,0.0,827.0,VIDEO,0.0,-13,4.0,0.0,0.0,0.0,0.0,0.0,0.0,0.0,0.3333333333333333,1.0,0.6020599913279624,0.3010299956639812,0.0012070006035003018,0.0,0,1,0
TEEN,UNKNOWN,0.0,0.0,827.0,VIDEO,0.0,-13,0.0,0.0,0.0,0.0,0.0,0.0,0.0,0.0,0.0,0.0,0.6020599913279624,0.3010299956639812,0.0,0.8666666666666666,0,1,0
TEEN,UNKNOWN,0.0,0.0,827.0,VIDEO,0.0,-13,1.0,0.0,0.0,0.0,0.0,0.0,0.1111111111111111,0.0,0.0,0.0,1.2787536009528289,0.47712125471966244,0.0,0.06666666666666667,0,1,0
TEEN,UNKNOWN,0.0,0.0,827.0,COMIC,0.0,-14,0.0,0.0,0.0,0.0,0.0,0.0,0.0,0.0,0.0,0.0,0.47712125471966244,0.0,0.0,0.06666666666666667,0,1,0
TEEN,UNKNOWN,0.0,0.0,827.0,COMIC,0.0,-14,8.0,0.0,0.0,0.0,0.0,0.0,0.06451612903225806,0.0,0.06451612903225806,0.0,1.505149978319906,0.7781512503836436,0.0024140012070006035,0.06666666666666667,0,1,0
TEEN,UNKNOWN,0.0,0.0,827.0,VIDEO,0.0,-17,0.0,0.0,0.0,0.0,0.0,0.0,0.0,0.0,0.0,0.0,0.6020599913279624,0.0,0.0012070006035003018,0.7333333333333333,0,1,0
TEEN,UNKNOWN,0.0,0.0,827.0,VIDEO,0.0,-13,37.0,0.0,0.0,0.0,0.0,0.0,0.0,0.0,0.0,0.0,1.2304489213782739,0.6989700043360189,0.0012070006035003018,0.0,0,1,0
TEEN,UNKNOWN,0.0,0.0,827.0,VIDEO,0.0,-13,3.0,0.0,0.0,0.0,0.0,0.0,0.16666666666666666,0.5,-0.16666666666666666,0.5,0.8450980400142568,0.47712125471966244,0.0,0.06666666666666667,0,1,0
TEEN,UNKNOWN,0.0,0.0,827.0,VIDEO,0.0,-12,11.0,0.0,0.0,0.0,0.0,0.0,0.0,0.0,0.0,0.0,0.8450980400142568,0.3010299956639812,0.0,0.0,0,1,0
TEEN,UNKNOWN,0.0,0.0,827.0,VIDEO,0.0,-13,50.0,0.0,0.0,0.0,0.0,0.0,0.0,0.0,0.0,0.0,0.6989700043360189,0.47712125471966244,0.0024140012070006035,0.7333333333333333,0,1,0
TEEN,UNKNOWN,0.0,0.0,827.0,COMIC,0.0,-14,0.0,0.0,0.0,0.0,0.0,0.0,0.0,0.0,0.0,0.0,0.0,0.0,0.0012070006035003018,0.13333333333333333,0,1,0
TEEN,MALE,0.0,0.0,0.0,VIDEO,0.0,-17,1.0,0.0,0.0,0.0,0.0,0.0,0.0,0.0,0.0,0.0,0.8450980400142568,0.3010299956639812,0.2127659574468085,0.36,0,1,0
TEEN,MALE,0.0,0.0,0.0,VIDEO,0.0,-17,14.0,0.0,0.0,0.0,0.0,0.0,0.0,0.0,0.0,0.0,0.9030899869919435,0.47712125471966244,0.2127659574468085,0.32,0,1,0
TEEN,UNKNOWN,0.0,0.0,1038.0,VIDEO,0.0,-17,1.0,0.0,0.0,0.0,0.0,0.0,0.0,0.0,0.0,0.0,0.8450980400142568,0.3010299956639812,0.034031413612565446,0.36363636363636365,1,1,0
TEEN,UNKNOWN,0.0,0.0,1038.0,VIDEO,0.0,-17,14.0,0.0,0.0,0.0,0.0,0.0,0.0,0.0,0.0,0.0,0.9030899869919435,0.47712125471966244,0.02705061082024433,0.36363636363636365,1,1,0
TEEN,UNKNOWN,0.0,0.0,0.0,COMIC,0.0,-11,103676.0,0.0,0.004424778761061947,0.007352941176470588,0.0,0.0,0.0,0.0,0.0,0.0,2.3560258571931225,2.1367205671564067,0.0,0.0,0,1,0
TEEN,UNKNOWN,0.0,0.0,0.0,COMIC,0.0,-14,0.0,0.0,0.0,0.0,0.0,0.0,0.0,0.0,0.0,0.0,1.2304489213782739,0.0,0.0,0.0,0,1,0
TEEN,UNKNOWN,0.0,0.0,0.0,COMIC,0.0,-13,101.0,0.0,0.0,0.0,0.0,0.0,0.0,0.0,0.0,0.0,1.2304489213782739,0.47712125471966244,0.0,0.0,0,1,0
TEEN,UNKNOWN,0.0,0.0,0.0,VIDEO,0.0,-13,0.0,0.0,0.0,0.0,0.0,0.0,0.0,0.0,0.0,0.0,0.8450980400142568,0.0,0.0,0.0,0,1,0
TEEN,UNKNOWN,0.0,0.0,0.0,VIDEO,0.0,-13,50.0,0.0,0.0,0.0,0.0,0.0,0.0,0.0,0.0,0.0,0.6989700043360189,0.47712125471966244,0.0,0.0,0,1,0
TEEN,UNKNOWN,0.0,0.0,0.0,COMIC,0.0,-14,0.0,0.0,0.0,0.0,0.0,0.0,0.0,0.0,0.0,0.0,0.0,0.0,0.0,0.0,0,1,0
TEEN,MALE,0.0,0.0,127.0,VIDEO,0.0,-17,1.0,0.0,0.0,0.0,0.0,0.0,0.0,0.0,0.0,0.0,0.8450980400142568,0.3010299956639812,0.039795918367346944,0.4482758620689655,0,1,0
TEEN,MALE,0.0,0.0,127.0,VIDEO,0.0,-17,14.0,0.0,0.0,0.0,0.0,0.0,0.0,0.0,0.0,0.0,0.9030899869919435,0.47712125471966244,0.024344023323615162,0.4827586206896552,0,1,0
TEEN,UNKNOWN,0.0,0.0,0.0,VIDEO,0.0,-17,1.0,0.0,0.0,0.0,0.0,0.0,0.0,0.0,0.0,0.0,0.8450980400142568,0.3010299956639812,0.0,0.0,0,1,0
TEEN,UNKNOWN,0.0,0.0,0.0,COMIC,0.0,-11,0.0,0.0,0.0,0.0,0.0,0.0,0.0,0.0,0.0,0.0,1.2304489213782739,0.0,0.0,0.0,0,1,0
TEEN,UNKNOWN,0.0,0.0,0.0,VIDEO,0.0,-13,0.0,0.0,0.0,0.0,0.0,0.0,1.0,0.0,0.0,0.0,0.47712125471966244,0.0,0.0,0.0,0,1,0
TEEN,UNKNOWN,0.0,0.0,0.0,VIDEO,0.0,-17,14.0,0.0,0.0,0.0,0.0,0.0,0.0,0.0,0.0,0.0,0.9030899869919435,0.47712125471966244,0.0,0.0,0,1,0
TEEN,UNKNOWN,0.0,0.0,0.0,VIDEO,0.0,-13,4.0,0.0,0.0,0.0,0.0,0.0,0.0,0.0,0.3333333333333333,1.0,0.6020599913279624,0.3010299956639812,0.0,0.0,0,1,0
TEEN,UNKNOWN,0.0,0.0,0.0,VIDEO,0.0,-13,0.0,0.0,0.0,0.0,0.0,0.0,0.0,0.0,0.0,0.0,1.0,0.3010299956639812,0.0,0.0,0,1,0
TEEN,UNKNOWN,0.0,0.0,0.0,COMIC,0.0,-14,68.0,0.0,0.07692307692307693,0.0,0.038461538461538464,0.0,0.07692307692307693,0.0,-0.038461538461538464,-0.1111111111111111,1.724275869600789,1.2787536009528289,0.0,0.0,0,1,0
TEEN,UNKNOWN,0.0,0.0,0.0,VIDEO,0.0,-13,0.0,0.0,0.0,0.0,0.0,0.0,0.0,0.0,0.0,0.0,0.6020599913279624,0.3010299956639812,0.0,0.0,0,1,0
TEEN,FEMALE,0.0,0.0,0.0,VIDEO,0.0,-17,14.0,0.0,0.0,0.0,0.0,0.0,0.0,0.0,0.0,0.0,0.9030899869919435,0.47712125471966244,0.25127161749745675,0.0,0,1,0
TEEN,FEMALE,0.0,0.0,0.0,VIDEO,0.0,-17,1.0,0.0,0.0,0.0,0.0,0.0,0.0,0.0,0.0,0.0,0.8450980400142568,0.3010299956639812,0.4923702950152594,0.0,0,1,0
TEEN,FEMALE,0.0,0.0,0.0,VIDEO,0.0,-17,0.0,0.0,0.0,0.0,0.0,0.0,0.0,0.0,0.0,0.0,0.6020599913279624,0.0,0.7385554425228891,0.0,0,1,0
TEEN,FEMALE,0.0,0.0,0.0,COMIC,0.0,-14,0.0,0.0,0.0,0.0,0.0,0.0,0.0,0.0,0.0,0.0,0.0,0.0,0.2461851475076297,0.0,0,1,0
TEEN,FEMALE,0.0,0.0,0.0,COMIC,0.0,-11,103676.0,0.0,0.004424778761061947,0.007352941176470588,0.0,0.0,0.0,0.0,0.0,0.0,2.3560258571931225,2.1367205671564067,0.4923702950152594,0.0,0,1,0
TEEN,FEMALE,0.0,0.0,0.0,COMIC,0.0,-13,101.0,0.0,0.0,0.0,0.0,0.0,0.0,0.0,0.0,0.0,1.2304489213782739,0.47712125471966244,0.0,0.0,0,1,0
TEEN,FEMALE,0.0,0.0,0.0,VIDEO,0.0,-13,0.0,0.0,0.0,0.0,0.0,0.0,0.0,0.0,0.0,0.0,0.8450980400142568,0.0,0.7385554425228891,0.0,0,1,0
TEEN,FEMALE,0.0,0.0,0.0,VIDEO,0.0,-13,0.0,0.0,0.0,0.0,0.0,0.0,1.0,0.0,0.0,0.0,0.47712125471966244,0.0,0.4923702950152594,0.0,0,1,0
TEEN,FEMALE,0.0,0.0,0.0,VIDEO,0.0,-13,0.0,0.0,0.0,0.0,0.0,0.0,0.0,0.0,0.0,0.0,1.0,0.3010299956639812,0.4923702950152594,0.0,0,1,0
TEEN,FEMALE,0.0,0.0,0.0,VIDEO,0.0,-13,4.0,0.0,0.0,0.0,0.0,0.0,0.0,0.0,0.3333333333333333,1.0,0.6020599913279624,0.3010299956639812,0.4923702950152594,0.0,0,1,0
TEEN,FEMALE,0.0,0.0,0.0,VIDEO,0.0,-13,0.0,0.0,0.0,0.0,0.0,0.0,0.0,0.0,0.0,0.0,0.6020599913279624,0.3010299956639812,0.4923702950152594,0.0,0,1,0
TEEN,FEMALE,0.0,0.0,0.0,VIDEO,0.0,-13,1.0,0.0,0.0,0.0,0.0,0.0,0.1111111111111111,0.0,0.0,0.0,1.2787536009528289,0.47712125471966244,0.0,0.0,0,1,0
TEEN,FEMALE,0.0,0.0,0.0,COMIC,0.0,-14,0.0,0.0,0.0,0.0,0.0,0.0,0.0,0.0,0.0,0.0,0.47712125471966244,0.0,0.0,0.0,0,1,0
TEEN,FEMALE,0.0,0.0,0.0,VIDEO,0.0,-13,37.0,0.0,0.0,0.0,0.0,0.0,0.0,0.0,0.0,0.0,1.2304489213782739,0.6989700043360189,0.2461851475076297,0.0,0,1,0
TEEN,FEMALE,0.0,0.0,0.0,VIDEO,0.0,-13,3.0,0.0,0.0,0.0,0.0,0.0,0.16666666666666666,0.5,-0.16666666666666666,0.5,0.8450980400142568,0.47712125471966244,0.0,0.0,0,1,0
TEEN,FEMALE,0.0,0.0,0.0,VIDEO,0.0,-12,11.0,0.0,0.0,0.0,0.0,0.0,0.0,0.0,0.0,0.0,0.8450980400142568,0.3010299956639812,0.0,0.0,0,1,0
TEEN,FEMALE,0.0,0.0,0.0,VIDEO,0.0,-13,50.0,0.0,0.0,0.0,0.0,0.0,0.0,0.0,0.0,0.0,0.6989700043360189,0.47712125471966244,0.7385554425228891,0.0,0,1,0
TEEN,MALE,0.0,0.0,165.0,VIDEO,0.0,-17,1.0,0.0,0.0,0.0,0.0,0.0,0.0,0.0,0.0,0.0,0.8450980400142568,0.3010299956639812,0.10521042084168337,0.6129032258064516,0,1,0
TEEN,MALE,0.0,0.0,165.0,VIDEO,0.0,-17,14.0,0.0,0.0,0.0,0.0,0.0,0.0,0.0,0.0,0.0,0.9030899869919435,0.47712125471966244,0.09919839679358718,0.3709677419354839,0,1,0
TEEN,UNKNOWN,0.0,0.0,0.0,COMIC,0.0,-14,8.0,0.0,0.0,0.0,0.0,0.0,0.06451612903225806,0.0,0.06451612903225806,0.0,1.505149978319906,0.7781512503836436,0.0,0.0,0,1,0
TEEN,UNKNOWN,0.0,0.0,0.0,VIDEO,0.0,-17,0.0,0.0,0.0,0.0,0.0,0.0,0.0,0.0,0.0,0.0,0.6020599913279624,0.0,0.0,0.0,0,1,0
TEEN,UNKNOWN,0.0,0.0,0.0,COMIC,0.0,-14,0.0,0.0,0.0,0.0,0.0,0.0,0.0,0.0,0.0,0.0,0.47712125471966244,0.0,0.0,0.0,0,1,0
TEEN,UNKNOWN,0.0,0.0,0.0,VIDEO,0.0,-13,1.0,0.0,0.0,0.0,0.0,0.0,0.1111111111111111,0.0,0.0,0.0,1.2787536009528289,0.47712125471966244,0.0,0.0,0,1,0
TEEN,MALE,0.0,0.0,165.0,COMIC,0.0,-18,826.0,0.0,0.0,0.0,0.0,0.0,0.0,0.0,0.0,0.0,1.4313637641589874,1.1760912590556813,0.23246492985971945,0.3387096774193548,0,1,0
TEEN,UNKNOWN,0.0,0.0,168556.0,COMIC,0.0,-18,826.0,0.0,0.0,0.0,0.0,0.0,0.0,0.0,0.0,0.0,1.4313637641589874,1.1760912590556813,0.0,0.025,1,1,0
TEEN,MALE,0.0,0.0,0.0,COMIC,0.0,-18,826.0,0.0,0.0,0.0,0.0,0.0,0.0,0.0,0.0,0.0,1.4313637641589874,1.1760912590556813,0.0,0.12,0,1,0
TEEN,MALE,0.0,0.0,0.0,VIDEO,0.0,-17,14.0,0.0,0.0,0.0,0.0,0.0,0.0,0.0,0.0,0.0,0.9030899869919435,0.47712125471966244,0.0,0.0,0,1,0
TEEN,MALE,0.0,0.0,0.0,VIDEO,0.0,-17,1.0,0.0,0.0,0.0,0.0,0.0,0.0,0.0,0.0,0.0,0.8450980400142568,0.3010299956639812,0.0,0.0,0,1,0
TEEN,MALE,0.0,0.0,0.0,COMIC,0.0,-14,8.0,0.0,0.0,0.0,0.0,0.0,0.06451612903225806,0.0,0.06451612903225806,0.0,1.505149978319906,0.7781512503836436,0.0,0.0,0,1,0
TEEN,MALE,0.0,0.0,0.0,VIDEO,0.0,-17,0.0,0.0,0.0,0.0,0.0,0.0,0.0,0.0,0.0,0.0,0.6020599913279624,0.0,0.0,0.0,0,1,0
TEEN,MALE,0.0,0.0,0.0,COMIC,0.0,-14,0.0,0.0,0.0,0.0,0.0,0.0,0.0,0.0,0.0,0.0,0.0,0.0,0.0,0.0,0,1,0
TEEN,MALE,0.0,0.0,0.0,COMIC,0.0,-11,103676.0,0.0,0.004424778761061947,0.007352941176470588,0.0,0.0,0.0,0.0,0.0,0.0,2.3560258571931225,2.1367205671564067,0.0,0.0,0,1,0
TEEN,MALE,0.0,0.0,0.0,COMIC,0.0,-14,0.0,0.0,0.0,0.0,0.0,0.0,0.0,0.0,0.0,0.0,1.2304489213782739,0.0,0.0,0.0,0,1,0
TEEN,MALE,0.0,0.0,0.0,COMIC,0.0,-13,101.0,0.0,0.0,0.0,0.0,0.0,0.0,0.0,0.0,0.0,1.2304489213782739,0.47712125471966244,0.5,0.0,0,1,0
TEEN,MALE,0.0,0.0,0.0,VIDEO,0.0,-13,0.0,0.0,0.0,0.0,0.0,0.0,0.0,0.0,0.0,0.0,0.8450980400142568,0.0,0.0,0.0,0,1,0
TEEN,MALE,0.0,0.0,0.0,COMIC,0.0,-11,0.0,0.0,0.0,0.0,0.0,0.0,0.0,0.0,0.0,0.0,1.2304489213782739,0.0,0.0,0.0,0,1,0
TEEN,MALE,0.0,0.0,0.0,VIDEO,0.0,-13,0.0,0.0,0.0,0.0,0.0,0.0,1.0,0.0,0.0,0.0,0.47712125471966244,0.0,0.0,0.0,0,1,0
TEEN,FEMALE,0.0,0.0,0.0,COMIC,0.0,-11,0.0,0.0,0.0,0.0,0.0,0.0,0.0,0.0,0.0,0.0,1.2304489213782739,0.0,0.0,0.0,0,1,1
TEEN,MALE,0.0,0.0,0.0,VIDEO,0.0,-13,0.0,0.0,0.0,0.0,0.0,0.0,0.0,0.0,0.0,0.0,1.0,0.3010299956639812,0.0,0.0,0,1,0
TEEN,MALE,0.0,0.0,0.0,VIDEO,0.0,-13,4.0,0.0,0.0,0.0,0.0,0.0,0.0,0.0,0.3333333333333333,1.0,0.6020599913279624,0.3010299956639812,0.0,0.0,0,1,0
TEEN,MALE,0.0,0.0,0.0,VIDEO,0.0,-13,0.0,0.0,0.0,0.0,0.0,0.0,0.0,0.0,0.0,0.0,0.6020599913279624,0.3010299956639812,0.0,0.0,0,1,0
TEEN,MALE,0.0,0.0,0.0,VIDEO,0.0,-13,1.0,0.0,0.0,0.0,0.0,0.0,0.1111111111111111,0.0,0.0,0.0,1.2787536009528289,0.47712125471966244,0.0,0.0,0,1,0
TEEN,MALE,0.0,0.0,0.0,COMIC,0.0,-14,0.0,0.0,0.0,0.0,0.0,0.0,0.0,0.0,0.0,0.0,0.47712125471966244,0.0,0.0,0.0,0,1,0
TEEN,MALE,0.0,0.0,0.0,VIDEO,0.0,-13,37.0,0.0,0.0,0.0,0.0,0.0,0.0,0.0,0.0,0.0,1.2304489213782739,0.6989700043360189,0.0,0.0,0,1,0
TEEN,MALE,0.0,0.0,0.0,VIDEO,0.0,-13,3.0,0.0,0.0,0.0,0.0,0.0,0.16666666666666666,0.5,-0.16666666666666666,0.5,0.8450980400142568,0.47712125471966244,0.0,0.0,0,1,0
TEEN,MALE,0.0,0.0,0.0,VIDEO,0.0,-12,11.0,0.0,0.0,0.0,0.0,0.0,0.0,0.0,0.0,0.0,0.8450980400142568,0.3010299956639812,0.0,0.0,0,1,0
TEEN,MALE,0.0,0.0,0.0,COMIC,0.0,-18,826.0,0.0,0.0,0.0,0.0,0.0,0.0,0.0,0.0,0.0,1.4313637641589874,1.1760912590556813,0.5,0.0,0,1,0
TEEN,MALE,0.0,0.0,0.0,VIDEO,0.0,-13,50.0,0.0,0.0,0.0,0.0,0.0,0.0,0.0,0.0,0.0,0.6989700043360189,0.47712125471966244,0.0,0.0,0,1,0
TEEN,FEMALE,0.0,0.0,0.0,COMIC,0.0,-18,826.0,0.0,0.0,0.0,0.0,0.0,0.0,0.0,0.0,0.0,1.4313637641589874,1.1760912590556813,0.0,0.0,0,1,0
TEEN,MALE,0.0,0.0,34.0,COMIC,0.0,-18,826.0,0.0,0.0,0.0,0.0,0.0,0.0,0.0,0.0,0.0,1.4313637641589874,1.1760912590556813,0.2647058823529412,0.0033444816053511705,0,1,0
TEEN,MALE,0.0,0.0,127.0,COMIC,0.0,-18,826.0,0.0,0.0,0.0,0.0,0.0,0.0,0.0,0.0,0.0,1.4313637641589874,1.1760912590556813,0.4298833819241982,0.3448275862068966,0,1,0
TEEN,UNKNOWN,0.0,0.0,20.0,COMIC,0.0,-18,826.0,0.0,0.0,0.0,0.0,0.0,0.0,0.0,0.0,0.0,1.4313637641589874,1.1760912590556813,0.12755102040816327,0.008888888888888889,0,1,0
TEEN,FEMALE,0.0,0.0,0.0,COMIC,0.0,-14,68.0,0.0,0.07692307692307693,0.0,0.038461538461538464,0.0,0.07692307692307693,0.0,-0.038461538461538464,-0.1111111111111111,1.724275869600789,1.2787536009528289,0.058823529411764705,0.0,0,1,1
TEEN,UNKNOWN,0.0,0.0,168556.0,COMIC,0.0,-14,68.0,0.0,0.07692307692307693,0.0,0.038461538461538464,0.0,0.07692307692307693,0.0,-0.038461538461538464,-0.1111111111111111,1.724275869600789,1.2787536009528289,0.08512431521281079,0.025,1,1,1
TEEN,UNKNOWN,0.0,0.0,168556.0,VIDEO,0.0,-13,0.0,0.0,0.0,0.0,0.0,0.0,0.0,0.0,0.0,0.0,1.0,0.3010299956639812,0.08470290771175727,0.05,1,1,1
TEEN,MALE,0.0,0.0,34.0,VIDEO,0.0,-13,0.0,0.0,0.0,0.0,0.0,0.0,1.0,0.0,0.0,0.0,0.47712125471966244,0.0,0.0784313725490196,0.4280936454849498,0,1,1
TEEN,UNKNOWN,0.0,0.0,20.0,COMIC,0.0,-11,0.0,0.0,0.0,0.0,0.0,0.0,0.0,0.0,0.0,0.0,1.2304489213782739,0.0,0.0,0.0,0,1,1
TEEN,UNKNOWN,0.0,0.0,20.0,COMIC,0.0,-11,103676.0,0.0,0.004424778761061947,0.007352941176470588,0.0,0.0,0.0,0.0,0.0,0.0,2.3560258571931225,2.1367205671564067,0.3520408163265306,0.9555555555555555,0,1,1
TEEN,UNKNOWN,0.0,0.0,0.0,COMIC,0.0,-11,103676.0,0.0,0.004424778761061947,0.007352941176470588,0.0,0.0,0.0,0.0,0.0,0.0,2.3560258571931225,2.1367205671564067,1.0,0.0,1,1,1
TEEN,UNKNOWN,0.0,0.0,0.0,COMIC,0.0,-11,103676.0,0.0,0.004424778761061947,0.007352941176470588,0.0,0.0,0.0,0.0,0.0,0.0,2.3560258571931225,2.1367205671564067,1.0,0.0,0,1,1
TEEN,UNKNOWN,0.0,0.0,827.0,COMIC,0.0,-14,0.0,0.0,0.0,0.0,0.0,0.0,0.0,0.0,0.0,0.0,1.2304489213782739,0.0,0.010863005431502716,0.7333333333333333,0,1,1
TEEN,FEMALE,0.0,0.0,0.0,VIDEO,0.0,-13,0.0,0.0,0.0,0.0,0.0,0.0,0.0,0.0,0.0,0.0,0.8450980400142568,0.0,0.20588235294117646,0.0,0,1,1
TEEN,FEMALE,0.0,0.0,0.0,COMIC,0.0,-14,0.0,0.0,0.0,0.0,0.0,0.0,0.0,0.0,0.0,0.0,1.2304489213782739,0.0,0.6176470588235294,0.0,0,1,1
TEEN,FEMALE,0.0,0.0,0.0,COMIC,0.0,-13,101.0,0.0,0.0,0.0,0.0,0.0,0.0,0.0,0.0,0.0,1.2304489213782739,0.47712125471966244,0.1764705882352941,0.0,0,1,1
TEEN,FEMALE,0.0,0.0,0.0,COMIC,0.0,-14,68.0,0.0,0.07692307692307693,0.0,0.038461538461538464,0.0,0.07692307692307693,0.0,-0.038461538461538464,-0.1111111111111111,1.724275869600789,1.2787536009528289,0.0,0.0,0,1,1
TEEN,FEMALE,0.0,0.0,0.0,COMIC,0.0,-14,0.0,0.0,0.0,0.0,0.0,0.0,0.0,0.0,0.0,0.0,1.2304489213782739,0.0,0.015259409969481181,0.0,0,1,1
TEEN,FEMALE,0.0,0.0,0.0,COMIC,0.0,-14,8.0,0.0,0.0,0.0,0.0,0.0,0.06451612903225806,0.0,0.06451612903225806,0.0,1.505149978319906,0.7781512503836436,0.9847405900305188,0.0,0,1,1
TEEN,UNKNOWN,0.0,0.0,1038.0,COMIC,0.0,-18,826.0,0.0,0.0,0.0,0.0,0.0,0.0,0.0,0.0,0.0,1.4313637641589874,1.1760912590556813,0.9040139616055847,0.36363636363636365,1,1,1
TEEN,MALE,0.0,0.0,0.0,COMIC,0.0,-14,68.0,0.0,0.07692307692307693,0.0,0.038461538461538464,0.0,0.07692307692307693,0.0,-0.038461538461538464,-0.1111111111111111,1.724275869600789,1.2787536009528289,1.0,0.0,0,1,1
TEEN,MALE,0.0,0.0,0.0,VIDEO,0.0,-13,1.0,0.0,0.0,0.0,0.0,0.0,0.1111111111111111,0.0,0.0,0.0,1.2787536009528289,0.47712125471966244,0.574468085106383,0.24,0,1,1
TEEN,UNKNOWN,0.0,0.0,27.0,COMIC,0.0,-18,826.0,0.0,0.0,0.0,0.0,0.0,0.0,0.0,0.0,0.0,1.4313637641589874,1.1760912590556813,0.25,0.0,0,1,0
TEEN,UNKNOWN,0.0,0.0,27.0,VIDEO,0.0,-17,1.0,0.0,0.0,0.0,0.0,0.0,0.0,0.0,0.0,0.0,0.8450980400142568,0.3010299956639812,0.0,0.0,0,1,0
TEEN,FEMALE,0.0,0.0,0.0,COMIC,0.0,-18,826.0,0.0,0.0,0.0,0.0,0.0,0.0,0.0,0.0,0.0,1.4313637641589874,1.1760912590556813,0.0,0.0,0,1,0
TEEN,UNKNOWN,0.0,0.0,0.0,COMIC,0.0,-18,826.0,0.0,0.0,0.0,0.0,0.0,0.0,0.0,0.0,0.0,1.4313637641589874,1.1760912590556813,0.0,0.0,1,1,0
TEEN,MALE,0.0,0.0,0.0,COMIC,0.0,-18,826.0,0.0,0.0,0.0,0.0,0.0,0.0,0.0,0.0,0.0,1.4313637641589874,1.1760912590556813,0.0,0.0,0,1,0
TEEN,MALE,0.0,0.0,0.0,VIDEO,0.0,-17,1.0,0.0,0.0,0.0,0.0,0.0,0.0,0.0,0.0,0.0,0.8450980400142568,0.3010299956639812,0.0,0.25,0,1,0
TEEN,MALE,0.0,0.0,0.0,COMIC,0.0,-14,8.0,0.0,0.0,0.0,0.0,0.0,0.06451612903225806,0.0,0.06451612903225806,0.0,1.505149978319906,0.7781512503836436,0.0,0.25,0,1,0
TEEN,MALE,0.0,0.0,0.0,VIDEO,0.0,-17,14.0,0.0,0.0,0.0,0.0,0.0,0.0,0.0,0.0,0.0,0.9030899869919435,0.47712125471966244,0.0,0.0,0,1,0
TEEN,MALE,0.0,0.0,0.0,COMIC,0.0,-14,0.0,0.0,0.0,0.0,0.0,0.0,0.0,0.0,0.0,0.0,1.2304489213782739,0.0,0.0,0.25,0,1,0
TEEN,MALE,0.0,0.0,0.0,VIDEO,0.0,-13,37.0,0.0,0.0,0.0,0.0,0.0,0.0,0.0,0.0,0.0,1.2304489213782739,0.6989700043360189,0.0,0.25,0,1,0
TEEN,MALE,0.0,0.0,0.0,COMIC,0.0,-14,68.0,0.0,0.07692307692307693,0.0,0.038461538461538464,0.0,0.07692307692307693,0.0,-0.038461538461538464,-0.1111111111111111,1.724275869600789,1.2787536009528289,0.0,0.0,0,1,0
TEEN,UNKNOWN,0.0,0.0,0.0,VIDEO,0.0,-13,3.0,0.0,0.0,0.0,0.0,0.0,0.16666666666666666,0.5,-0.16666666666666666,0.5,0.8450980400142568,0.47712125471966244,0.0,0.0,0,1,0
TEEN,UNKNOWN,0.0,0.0,0.0,COMIC,0.0,-14,8.0,0.0,0.0,0.0,0.0,0.0,0.06451612903225806,0.0,0.06451612903225806,0.0,1.505149978319906,0.7781512503836436,0.0,0.0,0,1,0
TEEN,UNKNOWN,0.0,0.0,0.0,COMIC,0.0,-14,0.0,0.0,0.0,0.0,0.0,0.0,0.0,0.0,0.0,0.0,1.2304489213782739,0.0,0.0,0.0,0,1,0
TEEN,UNKNOWN,0.0,0.0,0.0,COMIC,0.0,-14,68.0,0.0,0.07692307692307693,0.0,0.038461538461538464,0.0,0.07692307692307693,0.0,-0.038461538461538464,-0.1111111111111111,1.724275869600789,1.2787536009528289,0.0,0.0,0,1,0
TEEN,UNKNOWN,0.0,0.0,0.0,VIDEO,0.0,-13,37.0,0.0,0.0,0.0,0.0,0.0,0.0,0.0,0.0,0.0,1.2304489213782739,0.6989700043360189,0.0,0.0,0,1,0
TEEN,UNKNOWN,0.0,0.0,0.0,VIDEO,0.0,-13,50.0,0.0,0.0,0.0,0.0,0.0,0.0,0.0,0.0,0.0,0.6989700043360189,0.47712125471966244,0.0,0.0,0,1,0
TEEN,UNKNOWN,0.0,0.0,12.0,COMIC,0.0,-18,826.0,0.0,0.0,0.0,0.0,0.0,0.0,0.0,0.0,0.0,1.4313637641589874,1.1760912590556813,0.0,0.0,1,1,0
TEEN,UNKNOWN,0.0,0.0,0.0,VIDEO,0.0,-13,1.0,0.0,0.0,0.0,0.0,0.0,0.1111111111111111,0.0,0.0,0.0,1.2787536009528289,0.47712125471966244,0.0,0.0,0,1,0
TEEN,UNKNOWN,0.0,0.0,0.0,COMIC,0.0,-18,826.0,0.0,0.0,0.0,0.0,0.0,0.0,0.0,0.0,0.0,1.4313637641589874,1.1760912590556813,0.0,0.0,0,1,0
TEEN,UNKNOWN,0.0,0.0,0.0,COMIC,0.0,-11,103676.0,0.0,0.004424778761061947,0.007352941176470588,0.0,0.0,0.0,0.0,0.0,0.0,2.3560258571931225,2.1367205671564067,0.0,0.0,0,1,0
TEEN,UNKNOWN,0.0,0.0,0.0,VIDEO,0.0,-17,1.0,0.0,0.0,0.0,0.0,0.0,0.0,0.0,0.0,0.0,0.8450980400142568,0.3010299956639812,0.0,0.0,0,1,0
TEEN,UNKNOWN,0.0,0.0,0.0,VIDEO,0.0,-17,14.0,0.0,0.0,0.0,0.0,0.0,0.0,0.0,0.0,0.0,0.9030899869919435,0.47712125471966244,0.0,0.0,0,1,0
